Workbook

Sheet Mon AM
A1: Date | B1: 4/6 | D1: Shift | E1: AM
B3: Car | C3: Driver | D3: Book | E3: Comm | F3: Radio | G3: NYC CF | H3: PA Fee | I3: CC | J3: DB | K3: Misc | L3: NTD | M3: Cash in/out | N3: Driver Short | O3: Notes
B4: 70 | C4: Alan C | D4: 390 | E4: =IF(AND(VALUE(B4)<100, D4>0),D4*0.5,D4*0.25) -> 195 | F4: =IF(P4="C",Q4,IF(AND(VALUE(B4)<100, D4>0),12,IF(D4>0,2,0))) -> 12 | G4: 0 | H4: 14 | I4: 235.5 | J4: 0 | K4: 0 | L4: =(E4+F4+G4+H4)-I4-J4-K4 -> -14.5 | M4: -14 | N4: -14 | O4: Deducted $14 for 4/7 | R4: Total Book | S4: =D48 -> 7479
B5: 20 | C5: Hammad 125 | D5: 396 | E5: =IF(AND(VALUE(B5)<100, D5>0),D5*0.5,D5*0.25) -> 198 | F5: =IF(P5="C",Q5,IF(AND(VALUE(B5)<100, D5>0),12,IF(D5>0,2,0))) -> 12 | G5: 0 | H5: 10.5 | I5: 328.5 | J5: 28.75 | K5: 0 | L5: =(E5+F5+G5+H5)-I5-J5-K5 -> -136.75 | M5: -137 | N5: -56 | O5: Deducted $56 for 4/8 | R5: Comp Comm | S5: =E48 -> 3382.75
B6: 114 | C6: Ash 114 | D6: 259 | E6: =IF(AND(VALUE(B6)<100, D6>0),D6*0.5,D6*0.25) -> 64.75 | F6: =IF(P6="C",Q6,IF(AND(VALUE(B6)<100, D6>0),12,IF(D6>0,2,0))) -> 2 | G6: 2.75 | H6: 4.25 | I6: 43 | J6: 8.05 | K6: 0 | L6: =(E6+F6+G6+H6)-I6-J6-K6 -> 22.7 | M6: 23 | Q6: 6 | R6: Radio | S6: =F48 -> 240
B7: 326 | C7: Obaydou 326 | D7: 273 | E7: =IF(AND(VALUE(B7)<100, D7>0),D7*0.5,D7*0.25) -> 68.25 | F7: =IF(P7="C",Q7,IF(AND(VALUE(B7)<100, D7>0),12,IF(D7>0,2,0))) -> 2 | G7: 2.75 | H7: 4.25 | I7: 140.46 | J7: 49.45 | K7: 0 | L7: =(E7+F7+G7+H7)-I7-J7-K7 -> -112.66 | M7: -113 | Q7: 6 | R7: NYC CF | S7: =G48 -> 46.75
B8: 33 | C8: Adnan | D8: 264 | E8: =IF(AND(VALUE(B8)<100, D8>0),D8*0.5,D8*0.25) -> 132 | F8: =IF(P8="C",Q8,IF(AND(VALUE(B8)<100, D8>0),12,IF(D8>0,2,0))) -> 12 | G8: 0 | H8: 10.5 | I8: 109 | J8: 40.25 | K8: 0 | L8: =(E8+F8+G8+H8)-I8-J8-K8 -> 5.25 | M8: 5 | Q8: 6 | R8: PA Fee | S8: =H48 -> 168.75
B9: 155 | C9: Abed 155 | E9: =IF(AND(VALUE(B9)<100, D9>0),D9*0.5,D9*0.25) -> 0 | F9: =IF(P9="C",Q9,IF(AND(VALUE(B9)<100, D9>0),12,IF(D9>0,2,0))) -> 0 | L9: =(E9+F9+G9+H9)-I9-J9-K9 -> 0 | Q9: 6 | R9: CC | S9: =I48 -> 3395.58
B10: 80 | C10: Alvis | E10: =IF(AND(VALUE(B10)<100, D10>0),D10*0.5,D10*0.25) -> 0 | F10: =IF(P10="C",Q10,IF(AND(VALUE(B10)<100, D10>0),12,IF(D10>0,2,0))) -> 0 | L10: =(E10+F10+G10+H10)-I10-J10-K10 -> 0 | Q10: 0 | R10: DB | S10: =J48 -> 1138.18
B11: 133 | C11: Bobby 133 | D11: 166 | E11: =IF(AND(VALUE(B11)<100, D11>0),D11*0.5,D11*0.25) -> 41.5 | F11: =IF(P11="C",Q11,IF(AND(VALUE(B11)<100, D11>0),12,IF(D11>0,2,0))) -> 2 | G11: 0 | H11: 0 | I11: 8.05 | J11: 0 | K11: 0 | L11: =(E11+F11+G11+H11)-I11-J11-K11 -> 35.45 | M11: 35 | R11: Misc | S11: =K48 -> 0
B12: 176 | C12: Djilali 176 | D12: 230 | E12: =IF(AND(VALUE(B12)<100, D12>0),D12*0.5,D12*0.25) -> 57.5 | F12: =IF(P12="C",Q12,IF(AND(VALUE(B12)<100, D12>0),12,IF(D12>0,2,0))) -> 2 | G12: 0 | H12: 10.5 | I12: 251.5 | J12: 0 | K12: 0 | L12: =(E12+F12+G12+H12)-I12-J12-K12 -> -181.5 | M12: -181 | Q12: 6 | R12: Driver Short | S12: =N48 -> -83
B13: 122 | C13: Anas 122 | E13: =IF(AND(VALUE(B13)<100, D13>0),D13*0.5,D13*0.25) -> 0 | F13: =IF(P13="C",Q13,IF(AND(VALUE(B13)<100, D13>0),12,IF(D13>0,2,0))) -> 0 | L13: =(E13+F13+G13+H13)-I13-J13-K13 -> 0 | Q13: 6 | S13: =S5+S6+S7-S9-S10-S11-S12 -> -781.26
B14: 88 | C14: Ayad | D14: 256 | E14: =IF(AND(VALUE(B14)<100, D14>0),D14*0.5,D14*0.25) -> 128 | F14: =IF(P14="C",Q14,IF(AND(VALUE(B14)<100, D14>0),12,IF(D14>0,2,0))) -> 12 | G14: 0 | H14: 7 | I14: 85.5 | J14: 139.12 | K14: 0 | L14: =(E14+F14+G14+H14)-I14-J14-K14 -> -77.62 | M14: -78 | Q14: 6 | R14: Cash | S14: =M48 -> -695
B15: 96 | C15: Esmail | D15: 227 | E15: =IF(AND(VALUE(B15)<100, D15>0),D15*0.5,D15*0.25) -> 113.5 | F15: =IF(P15="C",Q15,IF(AND(VALUE(B15)<100, D15>0),12,IF(D15>0,2,0))) -> 12 | G15: 0 | H15: 0 | I15: 30 | J15: 88.55 | K15: 0 | L15: =(E15+F15+G15+H15)-I15-J15-K15 -> 6.95 | M15: 7
B16: 26 | C16: Gus | D16: 297 | E16: =IF(AND(VALUE(B16)<100, D16>0),D16*0.5,D16*0.25) -> 148.5 | F16: =IF(P16="C",Q16,IF(AND(VALUE(B16)<100, D16>0),12,IF(D16>0,2,0))) -> 12 | G16: 11 | H16: 3 | I16: 82.96 | J16: 0 | K16: 0 | L16: =(E16+F16+G16+H16)-I16-J16-K16 -> 91.54 | M16: 92 | Q16: 6
B17: 11 | C17: Hashem | E17: =IF(AND(VALUE(B17)<100, D17>0),D17*0.5,D17*0.25) -> 0 | F17: =IF(P17="C",Q17,IF(AND(VALUE(B17)<100, D17>0),12,IF(D17>0,2,0))) -> 0 | L17: =(E17+F17+G17+H17)-I17-J17-K17 -> 0 | Q17: 6
B18: 27 | C18: Hassan | E18: =IF(AND(VALUE(B18)<100, D18>0),D18*0.5,D18*0.25) -> 0 | F18: =IF(P18="C",Q18,IF(AND(VALUE(B18)<100, D18>0),12,IF(D18>0,2,0))) -> 0 | L18: =(E18+F18+G18+H18)-I18-J18-K18 -> 0 | Q18: 0 | R18: House Cars | S18: {=SUMPRODUCT((VALUE(B4:B47)<100)*(D4:D47>0))} -> 19
B19: 33 | C19: Ihab | E19: =IF(AND(VALUE(B19)<100, D19>0),D19*0.5,D19*0.25) -> 0 | F19: =IF(P19="C",Q19,IF(AND(VALUE(B19)<100, D19>0),12,IF(D19>0,2,0))) -> 0 | L19: =(E19+F19+G19+H19)-I19-J19-K19 -> 0 | Q19: 0 | R19: Private Cars | S19: {=SUMPRODUCT((VALUE(B4:B47)>100)*(D4:D47>0))} -> 6
B20: 77 | C20: Nofal | D20: 239 | E20: =IF(AND(VALUE(B20)<100, D20>0),D20*0.5,D20*0.25) -> 119.5 | F20: =IF(P20="C",Q20,IF(AND(VALUE(B20)<100, D20>0),12,IF(D20>0,2,0))) -> 12 | G20: 2.75 | H20: 7.75 | I20: 8 | J20: 110.46 | K20: 0 | L20: =(E20+F20+G20+H20)-I20-J20-K20 -> 23.54 | M20: 24 | Q20: 0 | R20: Total | S20: =S18+S19 -> 25
B21: 33 | C21: Ibrahim | E21: =IF(AND(VALUE(B21)<100, D21>0),D21*0.5,D21*0.25) -> 0 | F21: =IF(P21="C",Q21,IF(AND(VALUE(B21)<100, D21>0),12,IF(D21>0,2,0))) -> 0 | L21: =(E21+F21+G21+H21)-I21-J21-K21 -> 0 | Q21: 2
B22: 27 | C22: Kim | D22: 232 | E22: =IF(AND(VALUE(B22)<100, D22>0),D22*0.5,D22*0.25) -> 116 | F22: =IF(P22="C",Q22,IF(AND(VALUE(B22)<100, D22>0),12,IF(D22>0,2,0))) -> 12 | G22: 0 | H22: 0 | I22: 48.1 | J22: 23.6 | K22: 0 | L22: =(E22+F22+G22+H22)-I22-J22-K22 -> 56.3 | M22: 56 | Q22: 6
B23: 622 | C23: Joseph 622 | D23: 263 | E23: =IF(AND(VALUE(B23)<100, D23>0),D23*0.5,D23*0.25) -> 65.75 | F23: =IF(P23="C",Q23,IF(AND(VALUE(B23)<100, D23>0),12,IF(D23>0,2,0))) -> 2 | G23: 5.5 | H23: 1.5 | I23: 133.92 | J23: 83.6 | K23: 0 | L23: =(E23+F23+G23+H23)-I23-J23-K23 -> -142.77 | M23: -143 | Q23: 6
B24: 01 | C24: Kamal | D24: 402 | E24: =IF(AND(VALUE(B24)<100, D24>0),D24*0.5,D24*0.25) -> 201 | F24: =IF(P24="C",Q24,IF(AND(VALUE(B24)<100, D24>0),12,IF(D24>0,2,0))) -> 12 | G24: 2.75 | H24: 14.75 | I24: 151.14 | J24: 113.31 | K24: 0 | L24: =(E24+F24+G24+H24)-I24-J24-K24 -> -33.95 | M24: -34
B25: 55 | C25: Karlo | E25: =IF(AND(VALUE(B25)<100, D25>0),D25*0.5,D25*0.25) -> 0 | F25: =IF(P25="C",Q25,IF(AND(VALUE(B25)<100, D25>0),12,IF(D25>0,2,0))) -> 0 | L25: =(E25+F25+G25+H25)-I25-J25-K25 -> 0 | Q25: 0
B26: 77 | C26: Hesham | D26: 321 | E26: =IF(AND(VALUE(B26)<100, D26>0),D26*0.5,D26*0.25) -> 160.5 | F26: =IF(P26="C",Q26,IF(AND(VALUE(B26)<100, D26>0),12,IF(D26>0,2,0))) -> 12 | G26: 2.75 | H26: 14 | I26: 67.21 | J26: 0 | K26: 0 | L26: =(E26+F26+G26+H26)-I26-J26-K26 -> 122.04 | M26: 122 | N26: 0
B27: 77 | C27: Khaled | D27: 519 | E27: =IF(AND(VALUE(B27)<100, D27>0),D27*0.5,D27*0.25) -> 259.5 | F27: =IF(P27="C",Q27,IF(AND(VALUE(B27)<100, D27>0),12,IF(D27>0,2,0))) -> 12 | G27: 8.25 | H27: 12.75 | I27: 111.5 | J27: 96.6 | K27: 0 | L27: =(E27+F27+G27+H27)-I27-J27-K27 -> 84.4 | M27: 84
B28: 844 | C28: Khodr 844 | E28: =IF(AND(VALUE(B28)<100, D28>0),D28*0.5,D28*0.25) -> 0 | F28: =IF(P28="C",Q28,IF(AND(VALUE(B28)<100, D28>0),12,IF(D28>0,2,0))) -> 0 | L28: =(E28+F28+G28+H28)-I28-J28-K28 -> 0
B29: 644 | C29: Muhiddin 644 | D29: 236 | E29: =IF(AND(VALUE(B29)<100, D29>0),D29*0.5,D29*0.25) -> 59 | F29: =IF(P29="C",Q29,IF(AND(VALUE(B29)<100, D29>0),12,IF(D29>0,2,0))) -> 2 | G29: 0 | H29: 10.5 | I29: 187.96 | J29: 0 | K29: 0 | L29: =(E29+F29+G29+H29)-I29-J29-K29 -> -116.46 | M29: -116 | Q29: 6
B30: 109 | C30: Nasser 109 | E30: =IF(AND(VALUE(B30)<100, D30>0),D30*0.5,D30*0.25) -> 0 | F30: =IF(P30="C",Q30,IF(AND(VALUE(B30)<100, D30>0),12,IF(D30>0,2,0))) -> 0 | L30: =(E30+F30+G30+H30)-I30-J30-K30 -> 0 | Q30: 0
B31: 25 | C31: Mustapha | D31: 323 | E31: =IF(AND(VALUE(B31)<100, D31>0),D31*0.5,D31*0.25) -> 161.5 | F31: =IF(P31="C",Q31,IF(AND(VALUE(B31)<100, D31>0),12,IF(D31>0,2,0))) -> 12 | G31: 2.75 | H31: 7.75 | I31: 209.76 | J31: 9.2 | K31: 0 | L31: =(E31+F31+G31+H31)-I31-J31-K31 -> -34.96 | M31: -35
B32: 05 | C32: Nassim | E32: =IF(AND(VALUE(B32)<100, D32>0),D32*0.5,D32*0.25) -> 0 | F32: =IF(P32="C",Q32,IF(AND(VALUE(B32)<100, D32>0),12,IF(D32>0,2,0))) -> 0 | L32: =(E32+F32+G32+H32)-I32-J32-K32 -> 0 | Q32: 6
B33: 02 | C33: Sayed | E33: =IF(AND(VALUE(B33)<100, D33>0),D33*0.5,D33*0.25) -> 0 | F33: =IF(P33="C",Q33,IF(AND(VALUE(B33)<100, D33>0),12,IF(D33>0,2,0))) -> 0 | L33: =(E33+F33+G33+H33)-I33-J33-K33 -> 0
B34: 96 | C34: Rabah | D34: 310 | E34: =IF(AND(VALUE(B34)<100, D34>0),D34*0.5,D34*0.25) -> 155 | F34: =IF(P34="C",Q34,IF(AND(VALUE(B34)<100, D34>0),12,IF(D34>0,2,0))) -> 12 | G34: 2.75 | H34: 7.75 | I34: 161.06 | J34: 0 | K34: 0 | L34: =(E34+F34+G34+H34)-I34-J34-K34 -> 16.44 | M34: 16 | Q34: 5
B35: 33 | C35: Rachid | D35: 417 | E35: =IF(AND(VALUE(B35)<100, D35>0),D35*0.5,D35*0.25) -> 208.5 | F35: =IF(P35="C",Q35,IF(AND(VALUE(B35)<100, D35>0),12,IF(D35>0,2,0))) -> 12 | G35: 2.75 | H35: 0 | I35: 285.72 | J35: 23 | K35: 0 | L35: =(E35+F35+G35+H35)-I35-J35-K35 -> -85.47 | M35: -85 | N35: -8 | O35: Deducted $8 for 4/10 | Q35: 6
B36: 510 | C36: Samuel 510 | E36: =IF(AND(VALUE(B36)<100, D36>0),D36*0.5,D36*0.25) -> 0 | F36: =IF(P36="C",Q36,IF(AND(VALUE(B36)<100, D36>0),12,IF(D36>0,2,0))) -> 0 | L36: =(E36+F36+G36+H36)-I36-J36-K36 -> 0
B37: 132 | C37: Samir 132 | E37: =IF(AND(VALUE(B37)<100, D37>0),D37*0.5,D37*0.25) -> 0 | F37: =IF(P37="C",Q37,IF(AND(VALUE(B37)<100, D37>0),12,IF(D37>0,2,0))) -> 0 | L37: =(E37+F37+G37+H37)-I37-J37-K37 -> 0 | P37: c
B38: 137 | C38: Osama 137 | E38: =IF(AND(VALUE(B38)<100, D38>0),D38*0.5,D38*0.25) -> 0 | F38: =IF(P38="C",Q38,IF(AND(VALUE(B38)<100, D38>0),12,IF(D38>0,2,0))) -> 0 | L38: =(E38+F38+G38+H38)-I38-J38-K38 -> 0 | Q38: 6
B39: 11 | C39: Shalaby | D39: 366 | E39: =IF(AND(VALUE(B39)<100, D39>0),D39*0.5,D39*0.25) -> 183 | F39: =IF(P39="C",Q39,IF(AND(VALUE(B39)<100, D39>0),12,IF(D39>0,2,0))) -> 12 | G39: 0 | H39: 7 | I39: 280.33 | J39: 0 | K39: 0 | L39: =(E39+F39+G39+H39)-I39-J39-K39 -> -78.33 | M39: -78 | Q39: 0
B40: 18 | C40: Spike | D40: 247 | E40: =IF(AND(VALUE(B40)<100, D40>0),D40*0.5,D40*0.25) -> 123.5 | F40: =IF(P40="C",Q40,IF(AND(VALUE(B40)<100, D40>0),12,IF(D40>0,2,0))) -> 12 | G40: 0 | H40: 7 | I40: 226 | J40: 0 | K40: 0 | L40: =(E40+F40+G40+H40)-I40-J40-K40 -> -83.5 | M40: -83 | N40: -1 | O40: Deducted $1 for 4/10
B41: 169 | C41: Tariq 169 | E41: =IF(AND(VALUE(B41)<100, D41>0),D41*0.5,D41*0.25) -> 0 | F41: =IF(P41="C",Q41,IF(AND(VALUE(B41)<100, D41>0),12,IF(D41>0,2,0))) -> 0 | L41: =(E41+F41+G41+H41)-I41-J41-K41 -> 0
B42: 610 | C42: Rizwan 610 | E42: =IF(AND(VALUE(B42)<100, D42>0),D42*0.5,D42*0.25) -> 0 | F42: =IF(P42="C",Q42,IF(AND(VALUE(B42)<100, D42>0),12,IF(D42>0,2,0))) -> 0 | L42: =(E42+F42+G42+H42)-I42-J42-K42 -> 0
B43: 99 | C43: Willy | D43: 347 | E43: =IF(AND(VALUE(B43)<100, D43>0),D43*0.5,D43*0.25) -> 173.5 | F43: =IF(P43="C",Q43,IF(AND(VALUE(B43)<100, D43>0),12,IF(D43>0,2,0))) -> 12 | G43: 0 | H43: 7 | I43: 97.46 | J43: 112.67 | K43: 0 | L43: =(E43+F43+G43+H43)-I43-J43-K43 -> -17.63 | M43: -18 | N43: -4 | O43: Deducted $4 for 4/7 & 4/8
B44: 012 | C44: Ragueb | D44: 257 | E44: =IF(AND(VALUE(B44)<100, D44>0),D44*0.5,D44*0.25) -> 128.5 | F44: =IF(P44="C",Q44,IF(AND(VALUE(B44)<100, D44>0),12,IF(D44>0,2,0))) -> 12 | G44: 0 | H44: 7 | I44: 106.05 | J44: 58.65 | K44: 0 | L44: =(E44+F44+G44+H44)-I44-J44-K44 -> -17.2 | M44: -17
B45: 15 | C45: Yousef | D45: 242 | E45: =IF(AND(VALUE(B45)<100, D45>0),D45*0.5,D45*0.25) -> 121 | F45: =IF(P45="C",Q45,IF(AND(VALUE(B45)<100, D45>0),12,IF(D45>0,2,0))) -> 12 | G45: 0 | H45: 0 | I45: 6.9 | J45: 152.92 | K45: 0 | L45: =(E45+F45+G45+H45)-I45-J45-K45 -> -26.82 | M45: -27
B46: 99 | C46: Rushdi | E46: =IF(AND(VALUE(B46)<100, D46>0),D46*0.5,D46*0.25) -> 0 | F46: =IF(P46="C",Q46,IF(AND(VALUE(B46)<100, D46>0),12,IF(D46>0,2,0))) -> 0 | L46: =(E46+F46+G46+H46)-I46-J46-K46 -> 0 | Q46: 6
E47: =IF(AND(VALUE(B47)<100, D47>0),D47*0.5,D47*0.25) -> 0 | F47: =IF(P47="C",Q47,IF(AND(VALUE(B47)<100, D47>0),12,IF(D47>0,2,0))) -> 0 | L47: =(E47+F47+G47+H47)-I47-J47-K47 -> 0 | Q47: 6
D48: =SUM(D4:D47) -> 7479 | E48: =SUM(E4:E47) -> 3382.75 | F48: =SUM(F4:F47) -> 240 | G48: =SUM(G4:G47) -> 46.75 | H48: =SUM(H4:H47) -> 168.75 | I48: =SUM(I4:I47) -> 3395.58 | J48: =SUM(J4:J47) -> 1138.18 | K48: =SUM(K4:K47) -> 0 | ... N48: =SUM(N4:N47) -> -83

Sheet Mon PM
A1: Date | B1: ='Mon AM'!B1 -> 4/6 | D1: Shift | E1: PM
B3: Car | C3: Driver | D3: Book | E3: Comm | F3: Radio | G3: NYC CF | H3: PA Fee | I3: CC | J3: DB | K3: Misc | L3: NTD | M3: Cash in/out | N3: Driver Short | O3: Notes
B4: 138 | C4: Akram 138 | E4: =IF(AND(VALUE(B4)<100, D4>0),D4*0.5,D4*0.25) -> 0 | F4: =IF(P4="C",Q4,IF(AND(VALUE(B4)<100, D4>0),12,IF(D4>0,2,0))) -> 0 | L4: =(E4+F4+G4+H4)-I4-J4-K4 -> 0 | P4: c | Q4: 0 | R4: Total Book | S4: =D48 -> 2789
B5: 277 | C5: Nasser 277 | D5: 92 | E5: =IF(AND(VALUE(B5)<100, D5>0),D5*0.5,D5*0.25) -> 23 | F5: =IF(P5="C",Q5,IF(AND(VALUE(B5)<100, D5>0),12,IF(D5>0,2,0))) -> 2 | G5: 0 | H5: 0 | I5: 0 | J5: 0 | K5: 0 | L5: =(E5+F5+G5+H5)-I5-J5-K5 -> 25 | M5: 1 | N5: 24 | Q5: 6 | R5: Comp Comm | S5: =E48 -> 1304
B6: 667 | C6: Abid 667 | E6: =IF(AND(VALUE(B6)<100, D6>0),D6*0.5,D6*0.25) -> 0 | F6: =IF(P6="C",Q6,IF(AND(VALUE(B6)<100, D6>0),12,IF(D6>0,2,0))) -> 0 | L6: =(E6+F6+G6+H6)-I6-J6-K6 -> 0 | Q6: 0 | R6: Radio | S6: =F48 -> 96
B7: 70 | C7: Alhassan | D7: 443 | E7: =IF(AND(VALUE(B7)<100, D7>0),D7*0.5,D7*0.25) -> 221.5 | F7: =IF(P7="C",Q7,IF(AND(VALUE(B7)<100, D7>0),12,IF(D7>0,2,0))) -> 12 | G7: 0 | H7: 17.5 | I7: 218 | J7: 0 | K7: 0 | L7: =(E7+F7+G7+H7)-I7-J7-K7 -> 33 | M7: 33 | Q7: 6 | R7: NYC CF | S7: =G48 -> 13.75
B8: 210 | C8: Boumadian | E8: =IF(AND(VALUE(B8)<100, D8>0),D8*0.5,D8*0.25) -> 0 | F8: =IF(P8="C",Q8,IF(AND(VALUE(B8)<100, D8>0),12,IF(D8>0,2,0))) -> 0 | L8: =(E8+F8+G8+H8)-I8-J8-K8 -> 0 | Q8: 6 | R8: PA Fee | S8: =H48 -> 72.25
B9: 012 | C9: Hamed | D9: 372 | E9: =IF(AND(VALUE(B9)<100, D9>0),D9*0.5,D9*0.25) -> 186 | F9: =IF(P9="C",Q9,IF(AND(VALUE(B9)<100, D9>0),12,IF(D9>0,2,0))) -> 12 | G9: 0 | H9: 10.5 | I9: 63.5 | J9: 115 | K9: 0 | L9: =(E9+F9+G9+H9)-I9-J9-K9 -> 30 | M9: 30 | Q9: 0 | R9: CC | S9: =I48 -> 1037.39
B10: 44 | C10: Cono | E10: =IF(AND(VALUE(B10)<100, D10>0),D10*0.5,D10*0.25) -> 0 | F10: =IF(P10="C",Q10,IF(AND(VALUE(B10)<100, D10>0),12,IF(D10>0,2,0))) -> 0 | L10: =(E10+F10+G10+H10)-I10-J10-K10 -> 0 | Q10: 6 | R10: DB | S10: =J48 -> 559.21
B11: 15 | C11: Hamdy | D11: 142 | E11: =IF(AND(VALUE(B11)<100, D11>0),D11*0.5,D11*0.25) -> 71 | F11: =IF(P11="C",Q11,IF(AND(VALUE(B11)<100, D11>0),12,IF(D11>0,2,0))) -> 6 | G11: 0 | H11: 0 | I11: 23.7 | J11: 33.95 | K11: 0 | L11: =(E11+F11+G11+H11)-I11-J11-K11 -> 19.35 | M11: 19 | N11: 0 | P11: c | Q11: 6 | R11: Misc | S11: =K48 -> 0
B12: 44 | C12: Divakar | D12: 290 | E12: =IF(AND(VALUE(B12)<100, D12>0),D12*0.5,D12*0.25) -> 145 | F12: =IF(P12="C",Q12,IF(AND(VALUE(B12)<100, D12>0),12,IF(D12>0,2,0))) -> 12 | G12: 0 | H12: 3.5 | I12: 0 | J12: 29.9 | K12: 0 | L12: =(E12+F12+G12+H12)-I12-J12-K12 -> 130.6 | M12: 131 | Q12: 6 | R12: Driver Short | S12: =N48 -> 1
B13: 012 | C13: Hosari | E13: =IF(AND(VALUE(B13)<100, D13>0),D13*0.5,D13*0.25) -> 0 | F13: =IF(P13="C",Q13,IF(AND(VALUE(B13)<100, D13>0),12,IF(D13>0,2,0))) -> 0 | L13: =(E13+F13+G13+H13)-I13-J13-K13 -> 0 | S13: =S5+S6+S7-S9-S10-S11-S12 -> -183.85
B14: 44 | C14: Ihab | E14: =IF(AND(VALUE(B14)<100, D14>0),D14*0.5,D14*0.25) -> 0 | F14: =IF(P14="C",Q14,IF(AND(VALUE(B14)<100, D14>0),12,IF(D14>0,2,0))) -> 0 | L14: =(E14+F14+G14+H14)-I14-J14-K14 -> 0 | R14: Cash | S14: =M48 -> -134
B15: 345 | C15: Abood 345 | E15: =IF(AND(VALUE(B15)<100, D15>0),D15*0.5,D15*0.25) -> 0 | F15: =IF(P15="C",Q15,IF(AND(VALUE(B15)<100, D15>0),12,IF(D15>0,2,0))) -> 0 | L15: =(E15+F15+G15+H15)-I15-J15-K15 -> 0
B16: 11 | C16: Johnny 120 | E16: =IF(AND(VALUE(B16)<100, D16>0),D16*0.5,D16*0.25) -> 0 | F16: =IF(P16="C",Q16,IF(AND(VALUE(B16)<100, D16>0),12,IF(D16>0,2,0))) -> 0 | L16: =(E16+F16+G16+H16)-I16-J16-K16 -> 0 | P16: c
B17: 02 | C17: Kuhali | E17: =IF(AND(VALUE(B17)<100, D17>0),D17*0.5,D17*0.25) -> 0 | F17: =IF(P17="C",Q17,IF(AND(VALUE(B17)<100, D17>0),12,IF(D17>0,2,0))) -> 0 | L17: =(E17+F17+G17+H17)-I17-J17-K17 -> 0
B18: 95 | C18: Maroc | E18: =IF(AND(VALUE(B18)<100, D18>0),D18*0.5,D18*0.25) -> 0 | F18: =IF(P18="C",Q18,IF(AND(VALUE(B18)<100, D18>0),12,IF(D18>0,2,0))) -> 0 | L18: =(E18+F18+G18+H18)-I18-J18-K18 -> 0 | R18: House Cars | S18: {=SUMPRODUCT((VALUE(B4:B47)<100)*(D4:D47>0))} -> 8
B19: 18 | C19: Mourad | E19: =IF(AND(VALUE(B19)<100, D19>0),D19*0.5,D19*0.25) -> 0 | F19: =IF(P19="C",Q19,IF(AND(VALUE(B19)<100, D19>0),12,IF(D19>0,2,0))) -> 0 | L19: =(E19+F19+G19+H19)-I19-J19-K19 -> 0 | R19: Private Cars | S19: {=SUMPRODUCT((VALUE(B4:B47)>100)*(D4:D47>0))} -> 3
B20: 06 | C20: Peter | D20: 262 | E20: =IF(AND(VALUE(B20)<100, D20>0),D20*0.5,D20*0.25) -> 131 | F20: =IF(P20="C",Q20,IF(AND(VALUE(B20)<100, D20>0),12,IF(D20>0,2,0))) -> 12 | G20: 0 | H20: 7 | I20: 242.32 | J20: 0 | K20: 0 | L20: =(E20+F20+G20+H20)-I20-J20-K20 -> -92.32 | M20: -92 | R20: Total | S20: =S18+S19 -> 11
B21: 44 | C21: Madjid | E21: =IF(AND(VALUE(B21)<100, D21>0),D21*0.5,D21*0.25) -> 0 | F21: =IF(P21="C",Q21,IF(AND(VALUE(B21)<100, D21>0),12,IF(D21>0,2,0))) -> 0 | L21: =(E21+F21+G21+H21)-I21-J21-K21 -> 0
B22: 01 | C22: Smail | D22: 308 | E22: =IF(AND(VALUE(B22)<100, D22>0),D22*0.5,D22*0.25) -> 154 | F22: =IF(P22="C",Q22,IF(AND(VALUE(B22)<100, D22>0),12,IF(D22>0,2,0))) -> 12 | G22: 0 | H22: 10.5 | I22: 114.5 | J22: 83.92 | K22: 0 | L22: =(E22+F22+G22+H22)-I22-J22-K22 -> -21.92 | M22: -22 | N22: -22 | O22: Deducted $22 for 4/10 & 4/9 | Q22: 6
B23: 05 | C23: Soufiane | E23: =IF(AND(VALUE(B23)<100, D23>0),D23*0.5,D23*0.25) -> 0 | F23: =IF(P23="C",Q23,IF(AND(VALUE(B23)<100, D23>0),12,IF(D23>0,2,0))) -> 0 | L23: =(E23+F23+G23+H23)-I23-J23-K23 -> 0 | P23: c | Q23: 0
B24: 012 | C24: Reda | E24: =IF(AND(VALUE(B24)<100, D24>0),D24*0.5,D24*0.25) -> 0 | F24: =IF(P24="C",Q24,IF(AND(VALUE(B24)<100, D24>0),12,IF(D24>0,2,0))) -> 0 | L24: =(E24+F24+G24+H24)-I24-J24-K24 -> 0 | P24: c | Q24: 0
B25: 33 | C25: Zaki | D25: 308 | E25: =IF(AND(VALUE(B25)<100, D25>0),D25*0.5,D25*0.25) -> 154 | F25: =IF(P25="C",Q25,IF(AND(VALUE(B25)<100, D25>0),12,IF(D25>0,2,0))) -> 12 | G25: 8.25 | H25: 0.75 | I25: 67.96 | J25: 223.38 | K25: 0 | L25: =(E25+F25+G25+H25)-I25-J25-K25 -> -116.34 | M25: -116
B26: 662 | C26: Aly 662 | D26: 126 | E26: =IF(AND(VALUE(B26)<100, D26>0),D26*0.5,D26*0.25) -> 31.5 | F26: =IF(P26="C",Q26,IF(AND(VALUE(B26)<100, D26>0),12,IF(D26>0,2,0))) -> 2 | G26: 0 | H26: 3.5 | I26: 84.95 | J26: 0 | K26: 0 | L26: =(E26+F26+G26+H26)-I26-J26-K26 -> -47.95 | M26: -48 | N26: -1 | O26: Deducted $1 for 4/9
B27: 02 | C27: Hassan | E27: =IF(AND(VALUE(B27)<100, D27>0),D27*0.5,D27*0.25) -> 0 | F27: =IF(P27="C",Q27,IF(AND(VALUE(B27)<100, D27>0),12,IF(D27>0,2,0))) -> 0 | L27: =(E27+F27+G27+H27)-I27-J27-K27 -> 0
B28: 445 | C28: Sadiki 445 | E28: =IF(AND(VALUE(B28)<100, D28>0),D28*0.5,D28*0.25) -> 0 | F28: =IF(P28="C",Q28,IF(AND(VALUE(B28)<100, D28>0),12,IF(D28>0,2,0))) -> 0 | L28: =(E28+F28+G28+H28)-I28-J28-K28 -> 0
B29: 7 | C29: Rushdi | E29: =IF(AND(VALUE(B29)<100, D29>0),D29*0.5,D29*0.25) -> 0 | F29: =IF(P29="C",Q29,IF(AND(VALUE(B29)<100, D29>0),12,IF(D29>0,2,0))) -> 0 | L29: =(E29+F29+G29+H29)-I29-J29-K29 -> 0
B30: 77 | C30: Shousha | E30: =IF(AND(VALUE(B30)<100, D30>0),D30*0.5,D30*0.25) -> 0 | F30: =IF(P30="C",Q30,IF(AND(VALUE(B30)<100, D30>0),12,IF(D30>0,2,0))) -> 0 | L30: =(E30+F30+G30+H30)-I30-J30-K30 -> 0
B31: 610 | C31: Rizwan 610 | E31: =IF(AND(VALUE(B31)<100, D31>0),D31*0.5,D31*0.25) -> 0 | F31: =IF(P31="C",Q31,IF(AND(VALUE(B31)<100, D31>0),12,IF(D31>0,2,0))) -> 0 | L31: =(E31+F31+G31+H31)-I31-J31-K31 -> 0
B32: 05 | C32: Sayah | D32: 302 | E32: =IF(AND(VALUE(B32)<100, D32>0),D32*0.5,D32*0.25) -> 151 | F32: =IF(P32="C",Q32,IF(AND(VALUE(B32)<100, D32>0),12,IF(D32>0,2,0))) -> 12 | G32: 2.75 | H32: 14.75 | I32: 124.5 | J32: 73.06 | K32: 0 | L32: =(E32+F32+G32+H32)-I32-J32-K32 -> -17.06 | M32: -17
B33: 101 | C33: Helal 101 | E33: =IF(AND(VALUE(B33)<100, D33>0),D33*0.5,D33*0.25) -> 0 | F33: =IF(P33="C",Q33,IF(AND(VALUE(B33)<100, D33>0),12,IF(D33>0,2,0))) -> 0 | L33: =(E33+F33+G33+H33)-I33-J33-K33 -> 0
B34: 434 | C34: Radwan 434 | D34: 144 | E34: =IF(AND(VALUE(B34)<100, D34>0),D34*0.5,D34*0.25) -> 36 | F34: =IF(P34="C",Q34,IF(AND(VALUE(B34)<100, D34>0),12,IF(D34>0,2,0))) -> 2 | G34: 2.75 | H34: 4.25 | I34: 97.96 | J34: 0 | K34: 0 | L34: =(E34+F34+G34+H34)-I34-J34-K34 -> -52.96 | M34: -53
B35: 109 | C35: Nasser 109 | E35: =IF(AND(VALUE(B35)<100, D35>0),D35*0.5,D35*0.25) -> 0 | F35: =IF(P35="C",Q35,IF(AND(VALUE(B35)<100, D35>0),12,IF(D35>0,2,0))) -> 0 | L35: =(E35+F35+G35+H35)-I35-J35-K35 -> 0
B36: 326 | C36: Obaydou 326 | E36: =IF(AND(VALUE(B36)<100, D36>0),D36*0.5,D36*0.25) -> 0 | F36: =IF(P36="C",Q36,IF(AND(VALUE(B36)<100, D36>0),12,IF(D36>0,2,0))) -> 0 | L36: =(E36+F36+G36+H36)-I36-J36-K36 -> 0
E37: =IF(AND(VALUE(B37)<100, D37>0),D37*0.5,D37*0.25) -> 0 | F37: =IF(P37="C",Q37,IF(AND(VALUE(B37)<100, D37>0),12,IF(D37>0,2,0))) -> 0 | L37: =(E37+F37+G37+H37)-I37-J37-K37 -> 0
E38: =IF(AND(VALUE(B38)<100, D38>0),D38*0.5,D38*0.25) -> 0 | F38: =IF(P38="C",Q38,IF(AND(VALUE(B38)<100, D38>0),12,IF(D38>0,2,0))) -> 0 | L38: =(E38+F38+G38+H38)-I38-J38-K38 -> 0
E39: =IF(AND(VALUE(B39)<100, D39>0),D39*0.5,D39*0.25) -> 0 | F39: =IF(P39="C",Q39,IF(AND(VALUE(B39)<100, D39>0),12,IF(D39>0,2,0))) -> 0 | L39: =(E39+F39+G39+H39)-I39-J39-K39 -> 0
E40: =IF(AND(VALUE(B40)<100, D40>0),D40*0.5,D40*0.25) -> 0 | F40: =IF(P40="C",Q40,IF(AND(VALUE(B40)<100, D40>0),12,IF(D40>0,2,0))) -> 0 | L40: =(E40+F40+G40+H40)-I40-J40-K40 -> 0
E41: =IF(AND(VALUE(B41)<100, D41>0),D41*0.5,D41*0.25) -> 0 | F41: =IF(P41="C",Q41,IF(AND(VALUE(B41)<100, D41>0),12,IF(D41>0,2,0))) -> 0 | L41: =(E41+F41+G41+H41)-I41-J41-K41 -> 0
E42: =IF(AND(VALUE(B42)<100, D42>0),D42*0.5,D42*0.25) -> 0 | F42: =IF(P42="C",Q42,IF(AND(VALUE(B42)<100, D42>0),12,IF(D42>0,2,0))) -> 0 | L42: =(E42+F42+G42+H42)-I42-J42-K42 -> 0
E43: =IF(AND(VALUE(B43)<100, D43>0),D43*0.5,D43*0.25) -> 0 | F43: =IF(P43="C",Q43,IF(AND(VALUE(B43)<100, D43>0),12,IF(D43>0,2,0))) -> 0 | L43: =(E43+F43+G43+H43)-I43-J43-K43 -> 0
E44: =IF(AND(VALUE(B44)<100, D44>0),D44*0.5,D44*0.25) -> 0 | F44: =IF(P44="C",Q44,IF(AND(VALUE(B44)<100, D44>0),12,IF(D44>0,2,0))) -> 0 | L44: =(E44+F44+G44+H44)-I44-J44-K44 -> 0
E45: =IF(AND(VALUE(B45)<100, D45>0),D45*0.5,D45*0.25) -> 0 | F45: =IF(P45="C",Q45,IF(AND(VALUE(B45)<100, D45>0),12,IF(D45>0,2,0))) -> 0 | L45: =(E45+F45+G45+H45)-I45-J45-K45 -> 0
E46: =IF(AND(VALUE(B46)<100, D46>0),D46*0.5,D46*0.25) -> 0 | F46: =IF(P46="C",Q46,IF(AND(VALUE(B46)<100, D46>0),12,IF(D46>0,2,0))) -> 0 | L46: =(E46+F46+G46+H46)-I46-J46-K46 -> 0
E47: =IF(AND(VALUE(B47)<100, D47>0),D47*0.5,D47*0.25) -> 0 | F47: =IF(P47="C",Q47,IF(AND(VALUE(B47)<100, D47>0),12,IF(D47>0,2,0))) -> 0 | L47: =(E47+F47+G47+H47)-I47-J47-K47 -> 0
D48: =SUM(D4:D47) -> 2789 | E48: =SUM(E4:E47) -> 1304 | F48: =SUM(F4:F47) -> 96 | G48: =SUM(G4:G47) -> 13.75 | H48: =SUM(H4:H47) -> 72.25 | I48: =SUM(I4:I47) -> 1037.39 | J48: =SUM(J4:J47) -> 559.21 | K48: =SUM(K4:K47) -> 0 | ... N48: =SUM(N4:N47) -> 1

Sheet Tues AM
A1: Date | B1: ='Mon AM'!B1+1 -> 46119 | D1: Shift | E1: AM
B3: Car | C3: Driver | D3: Book | E3: Comm | F3: Radio | G3: NYC CF | H3: PA Fee | I3: CC | J3: DB | K3: Misc | L3: NTD | M3: Cash in/out | N3: Driver Short | O3: Notes
B4: 70 | C4: Alan C | D4: 240 | E4: =IF(AND(VALUE(B4)<100, D4>0),D4*0.5,D4*0.25) -> 120 | F4: =IF(P4="C",Q4,IF(AND(VALUE(B4)<100, D4>0),12,IF(D4>0,2,0))) -> 12 | G4: 0 | H4: 7 | I4: 58.5 | J4: 46 | K4: 0 | L4: =(E4+F4+G4+H4)-I4-J4-K4 -> 34.5 | M4: 34 | N4: 0 | Q4: 6 | R4: Total Book | S4: =D48 -> 7097.94
B5: 20 | C5: Hammad 125 | D5: 391.94 | E5: =IF(AND(VALUE(B5)<100, D5>0),D5*0.5,D5*0.25) -> 195.97 | F5: =IF(P5="C",Q5,IF(AND(VALUE(B5)<100, D5>0),12,IF(D5>0,2,0))) -> 12 | G5: 5.5 | H5: 7 | I5: 68.5 | J5: 226.34 | K5: 0 | L5: =(E5+F5+G5+H5)-I5-J5-K5 -> -74.37 | M5: -74 | Q5: 0 | R5: Comp Comm | S5: =E48 -> 3210.72
B6: 114 | C6: Ash 114 | D6: 210 | E6: =IF(AND(VALUE(B6)<100, D6>0),D6*0.5,D6*0.25) -> 52.5 | F6: =IF(P6="C",Q6,IF(AND(VALUE(B6)<100, D6>0),12,IF(D6>0,2,0))) -> 2 | G6: 0 | H6: 3.5 | I6: 60.5 | J6: 20 | K6: 0 | L6: =(E6+F6+G6+H6)-I6-J6-K6 -> -22.5 | M6: -22 | Q6: 6 | R6: Radio | S6: =F48 -> 254
B7: 326 | C7: Obaydou 326 | D7: 215 | E7: =IF(AND(VALUE(B7)<100, D7>0),D7*0.5,D7*0.25) -> 53.75 | F7: =IF(P7="C",Q7,IF(AND(VALUE(B7)<100, D7>0),12,IF(D7>0,2,0))) -> 2 | G7: 0 | H7: 7 | I7: 142 | J7: 7 | K7: 0 | L7: =(E7+F7+G7+H7)-I7-J7-K7 -> -86.25 | M7: -86 | Q7: 6 | R7: NYC CF | S7: =G48 -> 71.5
B8: 33 | C8: Adnan | D8: 291 | E8: =IF(AND(VALUE(B8)<100, D8>0),D8*0.5,D8*0.25) -> 145.5 | F8: =IF(P8="C",Q8,IF(AND(VALUE(B8)<100, D8>0),12,IF(D8>0,2,0))) -> 12 | G8: 0 | H8: 3.5 | I8: 157.5 | J8: 41.4 | K8: 0 | L8: =(E8+F8+G8+H8)-I8-J8-K8 -> -37.9 | M8: -38 | Q8: 6 | R8: PA Fee | S8: =H48 -> 124.25
B9: 155 | C9: Abed 155 | E9: =IF(AND(VALUE(B9)<100, D9>0),D9*0.5,D9*0.25) -> 0 | F9: =IF(P9="C",Q9,IF(AND(VALUE(B9)<100, D9>0),12,IF(D9>0,2,0))) -> 0 | L9: =(E9+F9+G9+H9)-I9-J9-K9 -> 0 | Q9: 6 | R9: CC | S9: =I48 -> 2384.24
B10: 44 | C10: Alvis | D10: 193 | E10: =IF(AND(VALUE(B10)<100, D10>0),D10*0.5,D10*0.25) -> 96.5 | F10: =IF(P10="C",Q10,IF(AND(VALUE(B10)<100, D10>0),12,IF(D10>0,2,0))) -> 12 | G10: 2.75 | H10: 0 | I10: 24.6 | J10: 76.21 | K10: 0 | L10: =(E10+F10+G10+H10)-I10-J10-K10 -> 10.44 | M10: 10 | N10: 0 | R10: DB | S10: =J48 -> 1122.09
B11: 133 | C11: Bobby 133 | D11: 158 | E11: =IF(AND(VALUE(B11)<100, D11>0),D11*0.5,D11*0.25) -> 39.5 | F11: =IF(P11="C",Q11,IF(AND(VALUE(B11)<100, D11>0),12,IF(D11>0,2,0))) -> 2 | G11: 0 | H11: 0 | I11: 57 | J11: 0 | K11: 0 | L11: =(E11+F11+G11+H11)-I11-J11-K11 -> -15.5 | M11: -15 | N11: -13 | O11: Deducted $13 for 4/9 | R11: Misc | S11: =K48 -> 17
B12: 176 | C12: Djilali 176 | D12: 254 | E12: =IF(AND(VALUE(B12)<100, D12>0),D12*0.5,D12*0.25) -> 63.5 | F12: =IF(P12="C",Q12,IF(AND(VALUE(B12)<100, D12>0),12,IF(D12>0,2,0))) -> 2 | G12: 5.5 | H12: 8.5 | I12: 129.46 | J12: 63.86 | K12: 0 | L12: =(E12+F12+G12+H12)-I12-J12-K12 -> -113.82 | M12: -114 | Q12: 0 | R12: Driver Short | S12: =N48 -> -20
B13: 122 | C13: Anas 122 | E13: =IF(AND(VALUE(B13)<100, D13>0),D13*0.5,D13*0.25) -> 0 | F13: =IF(P13="C",Q13,IF(AND(VALUE(B13)<100, D13>0),12,IF(D13>0,2,0))) -> 0 | L13: =(E13+F13+G13+H13)-I13-J13-K13 -> 0 | Q13: 6 | S13: =S5+S6+S7-S9-S10-S11-S12 -> 32.89
B14: 88 | C14: Ayad | E14: =IF(AND(VALUE(B14)<100, D14>0),D14*0.5,D14*0.25) -> 0 | F14: =IF(P14="C",Q14,IF(AND(VALUE(B14)<100, D14>0),12,IF(D14>0,2,0))) -> 0 | L14: =(E14+F14+G14+H14)-I14-J14-K14 -> 0 | Q14: 0 | R14: Cash | S14: =M48 -> 136
B15: 96 | C15: Esmail | D15: 320 | E15: =IF(AND(VALUE(B15)<100, D15>0),D15*0.5,D15*0.25) -> 160 | F15: =IF(P15="C",Q15,IF(AND(VALUE(B15)<100, D15>0),12,IF(D15>0,2,0))) -> 12 | G15: 0 | H15: 7 | I15: 94.5 | J15: 0 | K15: 0 | L15: =(E15+F15+G15+H15)-I15-J15-K15 -> 84.5 | M15: 84 | N15: 0
B16: 26 | C16: Gus | D16: 267 | E16: =IF(AND(VALUE(B16)<100, D16>0),D16*0.5,D16*0.25) -> 133.5 | F16: =IF(P16="C",Q16,IF(AND(VALUE(B16)<100, D16>0),12,IF(D16>0,2,0))) -> 12 | G16: 5.5 | H16: 5 | I16: 7 | J16: 43.4 | K16: 0 | L16: =(E16+F16+G16+H16)-I16-J16-K16 -> 105.6 | M16: 106 | Q16: 0
B17: 11 | C17: Hashem | E17: =IF(AND(VALUE(B17)<100, D17>0),D17*0.5,D17*0.25) -> 0 | F17: =IF(P17="C",Q17,IF(AND(VALUE(B17)<100, D17>0),12,IF(D17>0,2,0))) -> 0 | L17: =(E17+F17+G17+H17)-I17-J17-K17 -> 0 | Q17: 6
B18: 27 | C18: Hassan | E18: =IF(AND(VALUE(B18)<100, D18>0),D18*0.5,D18*0.25) -> 0 | F18: =IF(P18="C",Q18,IF(AND(VALUE(B18)<100, D18>0),12,IF(D18>0,2,0))) -> 0 | L18: =(E18+F18+G18+H18)-I18-J18-K18 -> 0 | Q18: 0 | R18: House Cars | S18: {=SUMPRODUCT((VALUE(B4:B47)<100)*(D4:D47>0))} -> 20
B19: 33 | C19: Ihab | E19: =IF(AND(VALUE(B19)<100, D19>0),D19*0.5,D19*0.25) -> 0 | F19: =IF(P19="C",Q19,IF(AND(VALUE(B19)<100, D19>0),12,IF(D19>0,2,0))) -> 0 | L19: =(E19+F19+G19+H19)-I19-J19-K19 -> 0 | Q19: 6 | R19: Private Cars | S19: {=SUMPRODUCT((VALUE(B4:B47)>100)*(D4:D47>0))} -> 7
B20: 77 | C20: Nofal | D20: 285 | E20: =IF(AND(VALUE(B20)<100, D20>0),D20*0.5,D20*0.25) -> 142.5 | F20: =IF(P20="C",Q20,IF(AND(VALUE(B20)<100, D20>0),12,IF(D20>0,2,0))) -> 12 | G20: 2.75 | H20: 4.25 | I20: 101.1 | J20: 0 | K20: 0 | L20: =(E20+F20+G20+H20)-I20-J20-K20 -> 60.4 | M20: 60 | Q20: 6 | R20: Total | S20: =S18+S19 -> 27
B21: 33 | C21: Ibrahim | E21: =IF(AND(VALUE(B21)<100, D21>0),D21*0.5,D21*0.25) -> 0 | F21: =IF(P21="C",Q21,IF(AND(VALUE(B21)<100, D21>0),12,IF(D21>0,2,0))) -> 0 | L21: =(E21+F21+G21+H21)-I21-J21-K21 -> 0 | Q21: 2
B22: 27 | C22: Kim | D22: 200 | E22: =IF(AND(VALUE(B22)<100, D22>0),D22*0.5,D22*0.25) -> 100 | F22: =IF(P22="C",Q22,IF(AND(VALUE(B22)<100, D22>0),12,IF(D22>0,2,0))) -> 12 | G22: 0 | H22: 0 | I22: 8 | J22: 28.75 | K22: 0 | L22: =(E22+F22+G22+H22)-I22-J22-K22 -> 75.25 | M22: 75 | Q22: 6
B23: 622 | C23: Joseph 622 | D23: 128 | E23: =IF(AND(VALUE(B23)<100, D23>0),D23*0.5,D23*0.25) -> 32 | F23: =IF(P23="C",Q23,IF(AND(VALUE(B23)<100, D23>0),12,IF(D23>0,2,0))) -> 2 | G23: 0 | H23: 0 | I23: 8.05 | J23: 28.75 | K23: 0 | L23: =(E23+F23+G23+H23)-I23-J23-K23 -> -2.8 | M23: -3 | Q23: 6
B24: 01 | C24: Kamal | D24: 407 | E24: =IF(AND(VALUE(B24)<100, D24>0),D24*0.5,D24*0.25) -> 203.5 | F24: =IF(P24="C",Q24,IF(AND(VALUE(B24)<100, D24>0),12,IF(D24>0,2,0))) -> 12 | G24: 5.5 | H24: 12 | I24: 106.55 | J24: 0 | K24: 0 | L24: =(E24+F24+G24+H24)-I24-J24-K24 -> 126.45 | M24: 126
B25: 55 | C25: Karlo | D25: 296 | E25: =IF(AND(VALUE(B25)<100, D25>0),D25*0.5,D25*0.25) -> 148 | F25: =IF(P25="C",Q25,IF(AND(VALUE(B25)<100, D25>0),12,IF(D25>0,2,0))) -> 12 | G25: 5.5 | H25: 1.5 | I25: 61.56 | J25: 51.75 | K25: 0 | L25: =(E25+F25+G25+H25)-I25-J25-K25 -> 53.69 | M25: 54 | Q25: 0
B26: 77 | C26: Hesham | D26: 222 | E26: =IF(AND(VALUE(B26)<100, D26>0),D26*0.5,D26*0.25) -> 111 | F26: =IF(P26="C",Q26,IF(AND(VALUE(B26)<100, D26>0),12,IF(D26>0,2,0))) -> 12 | G26: 2.75 | H26: 7.75 | I26: 134.96 | J26: 10.35 | K26: 0 | L26: =(E26+F26+G26+H26)-I26-J26-K26 -> -11.81 | M26: -12 | N26: -7 | O26: Deducted $7 for 4/6
B27: 77 | C27: Khaled | D27: 312 | E27: =IF(AND(VALUE(B27)<100, D27>0),D27*0.5,D27*0.25) -> 156 | F27: =IF(P27="C",Q27,IF(AND(VALUE(B27)<100, D27>0),12,IF(D27>0,2,0))) -> 12 | G27: 5.5 | H27: 1.5 | I27: 98.96 | J27: 149.47 | K27: 0 | L27: =(E27+F27+G27+H27)-I27-J27-K27 -> -73.43 | M27: -73 | Q27: 0 | T27: 5
B28: 844 | C28: Khodr 844 | E28: =IF(AND(VALUE(B28)<100, D28>0),D28*0.5,D28*0.25) -> 0 | F28: =IF(P28="C",Q28,IF(AND(VALUE(B28)<100, D28>0),12,IF(D28>0,2,0))) -> 0 | L28: =(E28+F28+G28+H28)-I28-J28-K28 -> 0 | Q28: 6 | T28: 4
B29: 644 | C29: Muhiddin 644 | D29: 229 | E29: =IF(AND(VALUE(B29)<100, D29>0),D29*0.5,D29*0.25) -> 57.25 | F29: =IF(P29="C",Q29,IF(AND(VALUE(B29)<100, D29>0),12,IF(D29>0,2,0))) -> 2 | G29: 0 | H29: 10.5 | I29: 8.4 | J29: 61 | K29: 0 | L29: =(E29+F29+G29+H29)-I29-J29-K29 -> 0.35 | M29: 0 | Q29: 6
B30: 109 | C30: Nasser 109 | E30: =IF(AND(VALUE(B30)<100, D30>0),D30*0.5,D30*0.25) -> 0 | F30: =IF(P30="C",Q30,IF(AND(VALUE(B30)<100, D30>0),12,IF(D30>0,2,0))) -> 0 | L30: =(E30+F30+G30+H30)-I30-J30-K30 -> 0 | Q30: 6
B31: 25 | C31: Mustapha | D31: 283 | E31: =IF(AND(VALUE(B31)<100, D31>0),D31*0.5,D31*0.25) -> 141.5 | F31: =IF(P31="C",Q31,IF(AND(VALUE(B31)<100, D31>0),12,IF(D31>0,2,0))) -> 12 | G31: 5.5 | H31: 5 | I31: 86.92 | J31: 63.86 | K31: 0 | L31: =(E31+F31+G31+H31)-I31-J31-K31 -> 13.22 | M31: 13
B32: 05 | C32: Nassim | E32: =IF(AND(VALUE(B32)<100, D32>0),D32*0.5,D32*0.25) -> 0 | F32: =IF(P32="C",Q32,IF(AND(VALUE(B32)<100, D32>0),12,IF(D32>0,2,0))) -> 0 | L32: =(E32+F32+G32+H32)-I32-J32-K32 -> 0 | Q32: 6
B33: 02 | C33: Sayed | E33: =IF(AND(VALUE(B33)<100, D33>0),D33*0.5,D33*0.25) -> 0 | F33: =IF(P33="C",Q33,IF(AND(VALUE(B33)<100, D33>0),12,IF(D33>0,2,0))) -> 0 | L33: =(E33+F33+G33+H33)-I33-J33-K33 -> 0 | Q33: 6
B34: 96 | C34: Rabah | D34: 312 | E34: =IF(AND(VALUE(B34)<100, D34>0),D34*0.5,D34*0.25) -> 156 | F34: =IF(P34="C",Q34,IF(AND(VALUE(B34)<100, D34>0),12,IF(D34>0,2,0))) -> 12 | G34: 5.5 | H34: 1.5 | I34: 123.88 | J34: 75 | K34: 0 | L34: =(E34+F34+G34+H34)-I34-J34-K34 -> -23.88 | M34: -24
B35: 33 | C35: Rachid | D35: 319 | E35: =IF(AND(VALUE(B35)<100, D35>0),D35*0.5,D35*0.25) -> 159.5 | F35: =IF(P35="C",Q35,IF(AND(VALUE(B35)<100, D35>0),12,IF(D35>0,2,0))) -> 12 | G35: 2.75 | H35: 0 | I35: 270.67 | J35: 17 | K35: 0 | L35: =(E35+F35+G35+H35)-I35-J35-K35 -> -113.42 | M35: -113
B36: 510 | C36: Samuel 510 | D36: 159 | E36: =IF(AND(VALUE(B36)<100, D36>0),D36*0.5,D36*0.25) -> 39.75 | F36: =IF(P36="C",Q36,IF(AND(VALUE(B36)<100, D36>0),12,IF(D36>0,2,0))) -> 2 | G36: 2.75 | H36: 0.75 | I36: 44.41 | J36: 0 | K36: 0 | L36: =(E36+F36+G36+H36)-I36-J36-K36 -> 0.84 | M36: 1
B37: 132 | C37: Samir 132 | E37: =IF(AND(VALUE(B37)<100, D37>0),D37*0.5,D37*0.25) -> 0 | F37: =IF(P37="C",Q37,IF(AND(VALUE(B37)<100, D37>0),12,IF(D37>0,2,0))) -> 0 | L37: =(E37+F37+G37+H37)-I37-J37-K37 -> 0 | P37: c
B38: 137 | C38: Osama 137 | E38: =IF(AND(VALUE(B38)<100, D38>0),D38*0.5,D38*0.25) -> 0 | F38: =IF(P38="C",Q38,IF(AND(VALUE(B38)<100, D38>0),12,IF(D38>0,2,0))) -> 0 | L38: =(E38+F38+G38+H38)-I38-J38-K38 -> 0 | Q38: 6
B39: 77 | C39: Shalaby | D39: 333 | E39: =IF(AND(VALUE(B39)<100, D39>0),D39*0.5,D39*0.25) -> 166.5 | F39: =IF(P39="C",Q39,IF(AND(VALUE(B39)<100, D39>0),12,IF(D39>0,2,0))) -> 12 | G39: 2.75 | H39: 7.75 | I39: 126.8 | J39: 47.5 | K39: 0 | L39: =(E39+F39+G39+H39)-I39-J39-K39 -> 14.7 | M39: 15 | Q39: 6
B40: 18 | C40: Spike | D40: 266 | E40: =IF(AND(VALUE(B40)<100, D40>0),D40*0.5,D40*0.25) -> 133 | F40: =IF(P40="C",Q40,IF(AND(VALUE(B40)<100, D40>0),12,IF(D40>0,2,0))) -> 12 | G40: 2.75 | H40: 4.25 | I40: 0 | J40: 23.6 | K40: 17 | L40: =(E40+F40+G40+H40)-I40-J40-K40 -> 111.4 | M40: 111
B41: 169 | C41: Tariq 169 | E41: =IF(AND(VALUE(B41)<100, D41>0),D41*0.5,D41*0.25) -> 0 | F41: =IF(P41="C",Q41,IF(AND(VALUE(B41)<100, D41>0),12,IF(D41>0,2,0))) -> 0 | L41: =(E41+F41+G41+H41)-I41-J41-K41 -> 0
B42: 610 | C42: Rizwan 610 | E42: =IF(AND(VALUE(B42)<100, D42>0),D42*0.5,D42*0.25) -> 0 | F42: =IF(P42="C",Q42,IF(AND(VALUE(B42)<100, D42>0),12,IF(D42>0,2,0))) -> 0 | L42: =(E42+F42+G42+H42)-I42-J42-K42 -> 0
B43: 99 | C43: Willy | D43: 296 | E43: =IF(AND(VALUE(B43)<100, D43>0),D43*0.5,D43*0.25) -> 148 | F43: =IF(P43="C",Q43,IF(AND(VALUE(B43)<100, D43>0),12,IF(D43>0,2,0))) -> 12 | G43: 2.75 | H43: 7 | I43: 91.5 | J43: 18.4 | K43: 0 | L43: =(E43+F43+G43+H43)-I43-J43-K43 -> 59.85 | M43: 60 | N43: 0
B44: 012 | C44: Ragueb | D44: 273 | E44: =IF(AND(VALUE(B44)<100, D44>0),D44*0.5,D44*0.25) -> 136.5 | F44: =IF(P44="C",Q44,IF(AND(VALUE(B44)<100, D44>0),12,IF(D44>0,2,0))) -> 12 | G44: 0 | H44: 10.5 | I44: 172.5 | J44: 8.05 | K44: 0 | L44: =(E44+F44+G44+H44)-I44-J44-K44 -> -21.55 | M44: -22
B45: 15 | C45: Yousef | D45: 238 | E45: =IF(AND(VALUE(B45)<100, D45>0),D45*0.5,D45*0.25) -> 119 | F45: =IF(P45="C",Q45,IF(AND(VALUE(B45)<100, D45>0),12,IF(D45>0,2,0))) -> 12 | G45: 5.5 | H45: 1.5 | I45: 140.42 | J45: 14.4 | K45: 0 | L45: =(E45+F45+G45+H45)-I45-J45-K45 -> -16.82 | M45: -17 | Q45: 0
B46: 99 | C46: Rushdi | E46: =IF(AND(VALUE(B46)<100, D46>0),D46*0.5,D46*0.25) -> 0 | F46: =IF(P46="C",Q46,IF(AND(VALUE(B46)<100, D46>0),12,IF(D46>0,2,0))) -> 0 | L46: =(E46+F46+G46+H46)-I46-J46-K46 -> 0 | Q46: 6
E47: =IF(AND(VALUE(B47)<100, D47>0),D47*0.5,D47*0.25) -> 0 | F47: =IF(P47="C",Q47,IF(AND(VALUE(B47)<100, D47>0),12,IF(D47>0,2,0))) -> 0 | L47: =(E47+F47+G47+H47)-I47-J47-K47 -> 0 | Q47: 6
D48: =SUM(D4:D47) -> 7097.94 | E48: =SUM(E4:E47) -> 3210.72 | F48: =SUM(F4:F47) -> 254 | G48: =SUM(G4:G47) -> 71.5 | H48: =SUM(H4:H47) -> 124.25 | I48: =SUM(I4:I47) -> 2384.24 | J48: =SUM(J4:J47) -> 1122.09 | K48: =SUM(K4:K47) -> 17 | ... N48: =SUM(N4:N47) -> -20

Sheet Tues PM
A1: Date | B1: ='Mon AM'!B1+1 -> 46119 | D1: Shift | E1: PM
B3: Car | C3: Driver | D3: Book | E3: Comm | F3: Radio | G3: NYC CF | H3: PA Fee | I3: CC | J3: DB | K3: Misc | L3: NTD | M3: Cash in/out | N3: Driver Short | O3: Notes
B4: 138 | C4: Akram 138 | E4: =IF(AND(VALUE(B4)<100, D4>0),D4*0.5,D4*0.25) -> 0 | F4: =IF(P4="C",Q4,IF(AND(VALUE(B4)<100, D4>0),12,IF(D4>0,2,0))) -> 0 | L4: =(E4+F4+G4+H4)-I4-J4-K4 -> 0 | P4: c | Q4: 0 | R4: Total Book | S4: =D48 -> 2872
B5: 667 | C5: Abid 667 | E5: =IF(AND(VALUE(B5)<100, D5>0),D5*0.5,D5*0.25) -> 0 | F5: =IF(P5="C",Q5,IF(AND(VALUE(B5)<100, D5>0),12,IF(D5>0,2,0))) -> 0 | L5: =(E5+F5+G5+H5)-I5-J5-K5 -> 0 | Q5: 0 | R5: Comp Comm | S5: =E48 -> 1329.5
B6: 11 | C6: Alhassan | D6: 118 | E6: =IF(AND(VALUE(B6)<100, D6>0),D6*0.5,D6*0.25) -> 59 | F6: =IF(P6="C",Q6,IF(AND(VALUE(B6)<100, D6>0),12,IF(D6>0,2,0))) -> 6 | G6: 0 | H6: 7 | I6: 75.5 | J6: 0 | K6: 0 | L6: =(E6+F6+G6+H6)-I6-J6-K6 -> -3.5 | M6: -3 | P6: c | Q6: 6 | R6: Radio | S6: =F48 -> 116
B7: 70 | C7: Fahed | E7: =IF(AND(VALUE(B7)<100, D7>0),D7*0.5,D7*0.25) -> 0 | F7: =IF(P7="C",Q7,IF(AND(VALUE(B7)<100, D7>0),12,IF(D7>0,2,0))) -> 0 | L7: =(E7+F7+G7+H7)-I7-J7-K7 -> 0 | P7: c | Q7: 0 | R7: NYC CF | S7: =G48 -> 13.75
B8: 210 | C8: Boumadian | D8: 62 | E8: =IF(AND(VALUE(B8)<100, D8>0),D8*0.5,D8*0.25) -> 15.5 | F8: =IF(P8="C",Q8,IF(AND(VALUE(B8)<100, D8>0),12,IF(D8>0,2,0))) -> 2 | G8: 0 | H8: 0 | I8: 11 | J8: 0 | K8: 0 | L8: =(E8+F8+G8+H8)-I8-J8-K8 -> 6.5 | M8: 4 | N8: 2 | Q8: 6 | R8: PA Fee | S8: =H48 -> 65.25
B9: 012 | C9: Hamed | D9: 134 | E9: =IF(AND(VALUE(B9)<100, D9>0),D9*0.5,D9*0.25) -> 67 | F9: =IF(P9="C",Q9,IF(AND(VALUE(B9)<100, D9>0),12,IF(D9>0,2,0))) -> 0 | G9: 2.75 | H9: 4.25 | I9: 0 | J9: 50.96 | K9: 0 | L9: =(E9+F9+G9+H9)-I9-J9-K9 -> 23.04 | M9: 7 | N9: 16 | P9: c | Q9: 0 | R9: CC | S9: =I48 -> 1137.23
B10: 44 | C10: Cono | E10: =IF(AND(VALUE(B10)<100, D10>0),D10*0.5,D10*0.25) -> 0 | F10: =IF(P10="C",Q10,IF(AND(VALUE(B10)<100, D10>0),12,IF(D10>0,2,0))) -> 0 | L10: =(E10+F10+G10+H10)-I10-J10-K10 -> 0 | Q10: 6 | R10: DB | S10: =J48 -> 475.78
B11: 15 | C11: Hamdy | D11: 216 | E11: =IF(AND(VALUE(B11)<100, D11>0),D11*0.5,D11*0.25) -> 108 | F11: =IF(P11="C",Q11,IF(AND(VALUE(B11)<100, D11>0),12,IF(D11>0,2,0))) -> 12 | G11: 0 | H11: 0 | I11: 137 | J11: 32.2 | K11: 0 | L11: =(E11+F11+G11+H11)-I11-J11-K11 -> -49.2 | M11: -49 | N11: -49 | O11: Deducted $49 for 4/6 & 4/8 | Q11: 6 | R11: Misc | S11: =K48 -> 0
B12: 95 | C12: Divakar | D12: 182 | E12: =IF(AND(VALUE(B12)<100, D12>0),D12*0.5,D12*0.25) -> 91 | F12: =IF(P12="C",Q12,IF(AND(VALUE(B12)<100, D12>0),12,IF(D12>0,2,0))) -> 12 | G12: 2.75 | H12: 0.75 | I12: 6 | J12: 34.5 | K12: 0 | L12: =(E12+F12+G12+H12)-I12-J12-K12 -> 66 | M12: 66 | Q12: 6 | R12: Driver Short | S12: =N48 -> -23
B13: 012 | C13: Hosari | D13: 317 | E13: =IF(AND(VALUE(B13)<100, D13>0),D13*0.5,D13*0.25) -> 158.5 | F13: =IF(P13="C",Q13,IF(AND(VALUE(B13)<100, D13>0),12,IF(D13>0,2,0))) -> 12 | G13: 0 | H13: 7 | I13: 153.5 | J13: 97.75 | K13: 0 | L13: =(E13+F13+G13+H13)-I13-J13-K13 -> -73.75 | M13: -74 | Q13: 0 | S13: =S5+S6+S7-S9-S10-S11-S12 -> -130.76
B14: 02 | C14: Hassan | E14: =IF(AND(VALUE(B14)<100, D14>0),D14*0.5,D14*0.25) -> 0 | F14: =IF(P14="C",Q14,IF(AND(VALUE(B14)<100, D14>0),12,IF(D14>0,2,0))) -> 0 | L14: =(E14+F14+G14+H14)-I14-J14-K14 -> 0 | Q14: 6 | R14: Cash | S14: =M48 -> -121
B15: 11 | C15: John Meza | E15: =IF(AND(VALUE(B15)<100, D15>0),D15*0.5,D15*0.25) -> 0 | F15: =IF(P15="C",Q15,IF(AND(VALUE(B15)<100, D15>0),12,IF(D15>0,2,0))) -> 0 | L15: =(E15+F15+G15+H15)-I15-J15-K15 -> 0
B16: 99 | C16: Johnny 120 | D16: 122 | E16: =IF(AND(VALUE(B16)<100, D16>0),D16*0.5,D16*0.25) -> 61 | F16: =IF(P16="C",Q16,IF(AND(VALUE(B16)<100, D16>0),12,IF(D16>0,2,0))) -> 6 | G16: 0 | H16: 0 | I16: 33 | J16: 0 | K16: 0 | L16: =(E16+F16+G16+H16)-I16-J16-K16 -> 34 | M16: 34 | P16: c | Q16: 6
B17: 345 | C17: Abood 345 | E17: =IF(AND(VALUE(B17)<100, D17>0),D17*0.5,D17*0.25) -> 0 | F17: =IF(P17="C",Q17,IF(AND(VALUE(B17)<100, D17>0),12,IF(D17>0,2,0))) -> 0 | L17: =(E17+F17+G17+H17)-I17-J17-K17 -> 0
B18: 98 | C18: Maroc | E18: =IF(AND(VALUE(B18)<100, D18>0),D18*0.5,D18*0.25) -> 0 | F18: =IF(P18="C",Q18,IF(AND(VALUE(B18)<100, D18>0),12,IF(D18>0,2,0))) -> 0 | L18: =(E18+F18+G18+H18)-I18-J18-K18 -> 0 | R18: House Cars | S18: {=SUMPRODUCT((VALUE(B4:B47)<100)*(D4:D47>0))} -> 11
B19: 18 | C19: Mourad | E19: =IF(AND(VALUE(B19)<100, D19>0),D19*0.5,D19*0.25) -> 0 | F19: =IF(P19="C",Q19,IF(AND(VALUE(B19)<100, D19>0),12,IF(D19>0,2,0))) -> 0 | L19: =(E19+F19+G19+H19)-I19-J19-K19 -> 0 | Q19: 6 | R19: Private Cars | S19: {=SUMPRODUCT((VALUE(B4:B47)>100)*(D4:D47>0))} -> 4
B20: 06 | C20: Peter | D20: 272 | E20: =IF(AND(VALUE(B20)<100, D20>0),D20*0.5,D20*0.25) -> 136 | F20: =IF(P20="C",Q20,IF(AND(VALUE(B20)<100, D20>0),12,IF(D20>0,2,0))) -> 12 | G20: 2.75 | H20: 3.5 | I20: 111 | J20: 171.21 | K20: 0 | L20: =(E20+F20+G20+H20)-I20-J20-K20 -> -127.96 | M20: -128 | R20: Total | S20: =S18+S19 -> 15
B21: 01 | C21: Smail | D21: 329 | E21: =IF(AND(VALUE(B21)<100, D21>0),D21*0.5,D21*0.25) -> 164.5 | F21: =IF(P21="C",Q21,IF(AND(VALUE(B21)<100, D21>0),12,IF(D21>0,2,0))) -> 12 | G21: 0 | H21: 17.5 | I21: 267 | J21: 0 | K21: 0 | L21: =(E21+F21+G21+H21)-I21-J21-K21 -> -73 | M21: -73 | N21: -2 | O21: Deducted $2 for 4/10 | Q21: 6
B22: 445 | C22: Sadiki 445 | D22: 75 | E22: =IF(AND(VALUE(B22)<100, D22>0),D22*0.5,D22*0.25) -> 18.75 | F22: =IF(P22="C",Q22,IF(AND(VALUE(B22)<100, D22>0),12,IF(D22>0,2,0))) -> 2 | G22: 0 | H22: 0 | I22: 64 | J22: 0 | K22: 0 | L22: =(E22+F22+G22+H22)-I22-J22-K22 -> -43.25 | M22: -43 | N22: -5 | O22: Deducted $5 for 4/9
B23: 05 | C23: Soufiane | D23: 181 | E23: =IF(AND(VALUE(B23)<100, D23>0),D23*0.5,D23*0.25) -> 90.5 | F23: =IF(P23="C",Q23,IF(AND(VALUE(B23)<100, D23>0),12,IF(D23>0,2,0))) -> 12 | G23: 0 | H23: 3.5 | I23: 0 | J23: 0 | K23: 0 | L23: =(E23+F23+G23+H23)-I23-J23-K23 -> 106 | M23: 106 | Q23: 6
B24: 012 | C24: Reda | E24: =IF(AND(VALUE(B24)<100, D24>0),D24*0.5,D24*0.25) -> 0 | F24: =IF(P24="C",Q24,IF(AND(VALUE(B24)<100, D24>0),12,IF(D24>0,2,0))) -> 0 | L24: =(E24+F24+G24+H24)-I24-J24-K24 -> 0 | Q24: 0
B25: 33 | C25: Zaki | D25: 279 | E25: =IF(AND(VALUE(B25)<100, D25>0),D25*0.5,D25*0.25) -> 139.5 | F25: =IF(P25="C",Q25,IF(AND(VALUE(B25)<100, D25>0),12,IF(D25>0,2,0))) -> 12 | G25: 2.75 | H25: 3.5 | I25: 183.13 | J25: 23 | K25: 0 | L25: =(E25+F25+G25+H25)-I25-J25-K25 -> -48.38 | M25: -48 | Q25: 0
B26: 662 | C26: Aly 662 | E26: =IF(AND(VALUE(B26)<100, D26>0),D26*0.5,D26*0.25) -> 0 | F26: =IF(P26="C",Q26,IF(AND(VALUE(B26)<100, D26>0),12,IF(D26>0,2,0))) -> 0 | L26: =(E26+F26+G26+H26)-I26-J26-K26 -> 0 | Q26: 6
B27: 277 | C27: Nasser 277 | D27: 96 | E27: =IF(AND(VALUE(B27)<100, D27>0),D27*0.5,D27*0.25) -> 24 | F27: =IF(P27="C",Q27,IF(AND(VALUE(B27)<100, D27>0),12,IF(D27>0,2,0))) -> 2 | G27: 0 | H27: 0 | I27: 11 | J27: 0 | K27: 0 | L27: =(E27+F27+G27+H27)-I27-J27-K27 -> 15 | M27: 0 | N27: 15
B28: 96 | C28: Sayah | D28: 296 | E28: =IF(AND(VALUE(B28)<100, D28>0),D28*0.5,D28*0.25) -> 148 | F28: =IF(P28="C",Q28,IF(AND(VALUE(B28)<100, D28>0),12,IF(D28>0,2,0))) -> 12 | G28: 2.75 | H28: 18.25 | I28: 63.5 | J28: 66.16 | K28: 0 | L28: =(E28+F28+G28+H28)-I28-J28-K28 -> 51.34 | M28: 51 | Q28: 0 | T28: 1
B29: 395 | C29: Alibrahim 395 | E29: =IF(AND(VALUE(B29)<100, D29>0),D29*0.5,D29*0.25) -> 0 | F29: =IF(P29="C",Q29,IF(AND(VALUE(B29)<100, D29>0),12,IF(D29>0,2,0))) -> 0 | L29: =(E29+F29+G29+H29)-I29-J29-K29 -> 0 | T29: 0
B30: 77 | C30: Shousha | E30: =IF(AND(VALUE(B30)<100, D30>0),D30*0.5,D30*0.25) -> 0 | F30: =IF(P30="C",Q30,IF(AND(VALUE(B30)<100, D30>0),12,IF(D30>0,2,0))) -> 0 | L30: =(E30+F30+G30+H30)-I30-J30-K30 -> 0 | P30: c
B31: 96 | C31: Mahmoud | E31: =IF(AND(VALUE(B31)<100, D31>0),D31*0.5,D31*0.25) -> 0 | F31: =IF(P31="C",Q31,IF(AND(VALUE(B31)<100, D31>0),12,IF(D31>0,2,0))) -> 0 | L31: =(E31+F31+G31+H31)-I31-J31-K31 -> 0
B32: 610 | C32: Rizwan 610 | E32: =IF(AND(VALUE(B32)<100, D32>0),D32*0.5,D32*0.25) -> 0 | F32: =IF(P32="C",Q32,IF(AND(VALUE(B32)<100, D32>0),12,IF(D32>0,2,0))) -> 0 | L32: =(E32+F32+G32+H32)-I32-J32-K32 -> 0
B33: 158 | C33: Khamis 158 | E33: =IF(AND(VALUE(B33)<100, D33>0),D33*0.5,D33*0.25) -> 0 | F33: =IF(P33="C",Q33,IF(AND(VALUE(B33)<100, D33>0),12,IF(D33>0,2,0))) -> 0 | L33: =(E33+F33+G33+H33)-I33-J33-K33 -> 0
B34: 326 | C34: Obaydou 326 | E34: =IF(AND(VALUE(B34)<100, D34>0),D34*0.5,D34*0.25) -> 0 | F34: =IF(P34="C",Q34,IF(AND(VALUE(B34)<100, D34>0),12,IF(D34>0,2,0))) -> 0 | L34: =(E34+F34+G34+H34)-I34-J34-K34 -> 0
B35: 434 | C35: Radwan 434 | D35: 193 | E35: =IF(AND(VALUE(B35)<100, D35>0),D35*0.5,D35*0.25) -> 48.25 | F35: =IF(P35="C",Q35,IF(AND(VALUE(B35)<100, D35>0),12,IF(D35>0,2,0))) -> 2 | G35: 0 | H35: 0 | I35: 21.6 | J35: 0 | K35: 0 | L35: =(E35+F35+G35+H35)-I35-J35-K35 -> 28.65 | M35: 29
B36: 7 | C36: Rushdi | E36: =IF(AND(VALUE(B36)<100, D36>0),D36*0.5,D36*0.25) -> 0 | F36: =IF(P36="C",Q36,IF(AND(VALUE(B36)<100, D36>0),12,IF(D36>0,2,0))) -> 0 | L36: =(E36+F36+G36+H36)-I36-J36-K36 -> 0
E37: =IF(AND(VALUE(B37)<100, D37>0),D37*0.5,D37*0.25) -> 0 | F37: =IF(P37="C",Q37,IF(AND(VALUE(B37)<100, D37>0),12,IF(D37>0,2,0))) -> 0 | L37: =(E37+F37+G37+H37)-I37-J37-K37 -> 0
E38: =IF(AND(VALUE(B38)<100, D38>0),D38*0.5,D38*0.25) -> 0 | F38: =IF(P38="C",Q38,IF(AND(VALUE(B38)<100, D38>0),12,IF(D38>0,2,0))) -> 0 | L38: =(E38+F38+G38+H38)-I38-J38-K38 -> 0
E39: =IF(AND(VALUE(B39)<100, D39>0),D39*0.5,D39*0.25) -> 0 | F39: =IF(P39="C",Q39,IF(AND(VALUE(B39)<100, D39>0),12,IF(D39>0,2,0))) -> 0 | L39: =(E39+F39+G39+H39)-I39-J39-K39 -> 0
E40: =IF(AND(VALUE(B40)<100, D40>0),D40*0.5,D40*0.25) -> 0 | F40: =IF(P40="C",Q40,IF(AND(VALUE(B40)<100, D40>0),12,IF(D40>0,2,0))) -> 0 | L40: =(E40+F40+G40+H40)-I40-J40-K40 -> 0
E41: =IF(AND(VALUE(B41)<100, D41>0),D41*0.5,D41*0.25) -> 0 | F41: =IF(P41="C",Q41,IF(AND(VALUE(B41)<100, D41>0),12,IF(D41>0,2,0))) -> 0 | L41: =(E41+F41+G41+H41)-I41-J41-K41 -> 0
E42: =IF(AND(VALUE(B42)<100, D42>0),D42*0.5,D42*0.25) -> 0 | F42: =IF(P42="C",Q42,IF(AND(VALUE(B42)<100, D42>0),12,IF(D42>0,2,0))) -> 0 | L42: =(E42+F42+G42+H42)-I42-J42-K42 -> 0
E43: =IF(AND(VALUE(B43)<100, D43>0),D43*0.5,D43*0.25) -> 0 | F43: =IF(P43="C",Q43,IF(AND(VALUE(B43)<100, D43>0),12,IF(D43>0,2,0))) -> 0 | L43: =(E43+F43+G43+H43)-I43-J43-K43 -> 0
E44: =IF(AND(VALUE(B44)<100, D44>0),D44*0.5,D44*0.25) -> 0 | F44: =IF(P44="C",Q44,IF(AND(VALUE(B44)<100, D44>0),12,IF(D44>0,2,0))) -> 0 | L44: =(E44+F44+G44+H44)-I44-J44-K44 -> 0
E45: =IF(AND(VALUE(B45)<100, D45>0),D45*0.5,D45*0.25) -> 0 | F45: =IF(P45="C",Q45,IF(AND(VALUE(B45)<100, D45>0),12,IF(D45>0,2,0))) -> 0 | L45: =(E45+F45+G45+H45)-I45-J45-K45 -> 0
E46: =IF(AND(VALUE(B46)<100, D46>0),D46*0.5,D46*0.25) -> 0 | F46: =IF(P46="C",Q46,IF(AND(VALUE(B46)<100, D46>0),12,IF(D46>0,2,0))) -> 0 | L46: =(E46+F46+G46+H46)-I46-J46-K46 -> 0
E47: =IF(AND(VALUE(B47)<100, D47>0),D47*0.5,D47*0.25) -> 0 | F47: =IF(P47="C",Q47,IF(AND(VALUE(B47)<100, D47>0),12,IF(D47>0,2,0))) -> 0 | L47: =(E47+F47+G47+H47)-I47-J47-K47 -> 0
D48: =SUM(D4:D47) -> 2872 | E48: =SUM(E4:E47) -> 1329.5 | F48: =SUM(F4:F47) -> 116 | G48: =SUM(G4:G47) -> 13.75 | H48: =SUM(H4:H47) -> 65.25 | I48: =SUM(I4:I47) -> 1137.23 | J48: =SUM(J4:J47) -> 475.78 | K48: =SUM(K4:K47) -> 0 | ... N48: =SUM(N4:N47) -> -23

Sheet Wed AM
A1: Date | B1: ='Mon AM'!B1+2 -> 46120 | D1: Shift | E1: AM
B3: Car | C3: Driver | D3: Book | E3: Comm | F3: Radio | G3: NYC CF | H3: PA Fee | I3: CC | J3: DB | K3: Misc | L3: NTD | M3: Cash in/out | N3: Driver Short | O3: Notes
B4: 70 | C4: Alan C | D4: 267 | E4: =IF(AND(VALUE(B4)<100, D4>0),D4*0.5,D4*0.25) -> 133.5 | F4: =IF(P4="C",Q4,IF(AND(VALUE(B4)<100, D4>0),12,IF(D4>0,2,0))) -> 12 | G4: 2.75 | H4: 4.25 | I4: 0 | J4: 76.96 | K4: 0 | L4: =(E4+F4+G4+H4)-I4-J4-K4 -> 75.54 | M4: 76 | N4: 0 | Q4: 6 | R4: Total Book | S4: =D48 -> 6991
B5: 20 | C5: Hammad 125 | D5: 392 | E5: =IF(AND(VALUE(B5)<100, D5>0),D5*0.5,D5*0.25) -> 196 | F5: =IF(P5="C",Q5,IF(AND(VALUE(B5)<100, D5>0),12,IF(D5>0,2,0))) -> 12 | G5: 0 | H5: 10.5 | I5: 151 | J5: 11.5 | K5: 0 | L5: =(E5+F5+G5+H5)-I5-J5-K5 -> 56 | M5: 56 | N5: 0 | R5: Comp Comm | S5: =E48 -> 3143
B6: 114 | C6: Ash 114 | D6: 73 | E6: =IF(AND(VALUE(B6)<100, D6>0),D6*0.5,D6*0.25) -> 18.25 | F6: =IF(P6="C",Q6,IF(AND(VALUE(B6)<100, D6>0),12,IF(D6>0,2,0))) -> 2 | G6: 0 | H6: 0 | I6: 21 | J6: 0 | K6: 0 | L6: =(E6+F6+G6+H6)-I6-J6-K6 -> -0.75 | M6: -1 | Q6: 6 | R6: Radio | S6: =F48 -> 256
B7: 326 | C7: Obaydou 326 | D7: 249 | E7: =IF(AND(VALUE(B7)<100, D7>0),D7*0.5,D7*0.25) -> 62.25 | F7: =IF(P7="C",Q7,IF(AND(VALUE(B7)<100, D7>0),12,IF(D7>0,2,0))) -> 2 | G7: 5.5 | H7: 7.75 | I7: 139.46 | J7: 0 | K7: 0 | L7: =(E7+F7+G7+H7)-I7-J7-K7 -> -61.96 | M7: -62 | Q7: 6 | R7: NYC CF | S7: =G48 -> 71.5
B8: 33 | C8: Adnan | D8: 310 | E8: =IF(AND(VALUE(B8)<100, D8>0),D8*0.5,D8*0.25) -> 155 | F8: =IF(P8="C",Q8,IF(AND(VALUE(B8)<100, D8>0),12,IF(D8>0,2,0))) -> 12 | G8: 0 | H8: 10.5 | I8: 105.5 | J8: 0 | K8: 0 | L8: =(E8+F8+G8+H8)-I8-J8-K8 -> 72 | M8: 72 | Q8: 6 | R8: PA Fee | S8: =H48 -> 116.5
B9: 155 | C9: Abed 155 | E9: =IF(AND(VALUE(B9)<100, D9>0),D9*0.5,D9*0.25) -> 0 | F9: =IF(P9="C",Q9,IF(AND(VALUE(B9)<100, D9>0),12,IF(D9>0,2,0))) -> 0 | L9: =(E9+F9+G9+H9)-I9-J9-K9 -> 0 | Q9: 6 | R9: CC | S9: =I48 -> 2165.56
B10: 88 | C10: Alvis | D10: 254 | E10: =IF(AND(VALUE(B10)<100, D10>0),D10*0.5,D10*0.25) -> 127 | F10: =IF(P10="C",Q10,IF(AND(VALUE(B10)<100, D10>0),12,IF(D10>0,2,0))) -> 12 | G10: 0 | H10: 7 | I10: 63.5 | J10: 30 | K10: 0 | L10: =(E10+F10+G10+H10)-I10-J10-K10 -> 52.5 | M10: 52 | N10: 0 | R10: DB | S10: =J48 -> 1470.84
B11: 133 | C11: Bobby 133 | D11: 175 | E11: =IF(AND(VALUE(B11)<100, D11>0),D11*0.5,D11*0.25) -> 43.75 | F11: =IF(P11="C",Q11,IF(AND(VALUE(B11)<100, D11>0),12,IF(D11>0,2,0))) -> 2 | G11: 2.75 | H11: 4.25 | I11: 16 | J11: 69.05 | K11: 0 | L11: =(E11+F11+G11+H11)-I11-J11-K11 -> -32.3 | M11: -32 | R11: Misc | S11: =K48 -> 0
B12: 176 | C12: Djilali 176 | D12: 184 | E12: =IF(AND(VALUE(B12)<100, D12>0),D12*0.5,D12*0.25) -> 46 | F12: =IF(P12="C",Q12,IF(AND(VALUE(B12)<100, D12>0),12,IF(D12>0,2,0))) -> 2 | G12: 0 | H12: 7 | I12: 38 | J12: 0 | K12: 0 | L12: =(E12+F12+G12+H12)-I12-J12-K12 -> 17 | M12: 17 | Q12: 6 | R12: Driver Short | S12: =N48 -> 0
B13: 454 | C13: Agha 454 | D13: 119 | E13: =IF(AND(VALUE(B13)<100, D13>0),D13*0.5,D13*0.25) -> 29.75 | F13: =IF(P13="C",Q13,IF(AND(VALUE(B13)<100, D13>0),12,IF(D13>0,2,0))) -> 2 | G13: 0 | H13: 0 | I13: 13 | J13: 28.75 | K13: 0 | L13: =(E13+F13+G13+H13)-I13-J13-K13 -> -10 | M13: -10 | Q13: 6 | S13: =S5+S6+S7-S9-S10-S11-S12 -> -165.9
B14: 88 | C14: Ayad | D14: 229 | E14: =IF(AND(VALUE(B14)<100, D14>0),D14*0.5,D14*0.25) -> 114.5 | F14: =IF(P14="C",Q14,IF(AND(VALUE(B14)<100, D14>0),12,IF(D14>0,2,0))) -> 12 | G14: 11 | H14: 0.75 | I14: 132.82 | J14: 88.26 | K14: 0 | L14: =(E14+F14+G14+H14)-I14-J14-K14 -> -82.83 | M14: -83 | Q14: 6 | R14: Cash | S14: =M48 -> -49
B15: 96 | C15: Esmail | D15: 195 | E15: =IF(AND(VALUE(B15)<100, D15>0),D15*0.5,D15*0.25) -> 97.5 | F15: =IF(P15="C",Q15,IF(AND(VALUE(B15)<100, D15>0),12,IF(D15>0,2,0))) -> 12 | G15: 0 | H15: 7 | I15: 80.5 | J15: 0 | K15: 0 | L15: =(E15+F15+G15+H15)-I15-J15-K15 -> 36 | M15: 36
B16: 26 | C16: Gus | D16: 282 | E16: =IF(AND(VALUE(B16)<100, D16>0),D16*0.5,D16*0.25) -> 141 | F16: =IF(P16="C",Q16,IF(AND(VALUE(B16)<100, D16>0),12,IF(D16>0,2,0))) -> 12 | G16: 5.5 | H16: 5 | I16: 0 | J16: 32.8 | K16: 0 | L16: =(E16+F16+G16+H16)-I16-J16-K16 -> 130.7 | M16: 131 | Q16: 0
B17: 11 | C17: Hashem | E17: =IF(AND(VALUE(B17)<100, D17>0),D17*0.5,D17*0.25) -> 0 | F17: =IF(P17="C",Q17,IF(AND(VALUE(B17)<100, D17>0),12,IF(D17>0,2,0))) -> 0 | L17: =(E17+F17+G17+H17)-I17-J17-K17 -> 0 | Q17: 6
B18: 27 | C18: Hassan | E18: =IF(AND(VALUE(B18)<100, D18>0),D18*0.5,D18*0.25) -> 0 | F18: =IF(P18="C",Q18,IF(AND(VALUE(B18)<100, D18>0),12,IF(D18>0,2,0))) -> 0 | L18: =(E18+F18+G18+H18)-I18-J18-K18 -> 0 | Q18: 6 | R18: House Cars | S18: {=SUMPRODUCT((VALUE(B4:B47)<100)*(D4:D47>0))} -> 20
B19: 33 | C19: Ihab | E19: =IF(AND(VALUE(B19)<100, D19>0),D19*0.5,D19*0.25) -> 0 | F19: =IF(P19="C",Q19,IF(AND(VALUE(B19)<100, D19>0),12,IF(D19>0,2,0))) -> 0 | L19: =(E19+F19+G19+H19)-I19-J19-K19 -> 0 | Q19: 6 | R19: Private Cars | S19: {=SUMPRODUCT((VALUE(B4:B47)>100)*(D4:D47>0))} -> 8
B20: 77 | C20: Nofal | D20: 163 | E20: =IF(AND(VALUE(B20)<100, D20>0),D20*0.5,D20*0.25) -> 81.5 | F20: =IF(P20="C",Q20,IF(AND(VALUE(B20)<100, D20>0),12,IF(D20>0,2,0))) -> 12 | G20: 5.5 | H20: 1.5 | I20: 19 | J20: 107.56 | K20: 0 | L20: =(E20+F20+G20+H20)-I20-J20-K20 -> -26.06 | M20: -26 | Q20: 6 | R20: Total | S20: =S18+S19 -> 28
B21: 88 | C21: Ibrahim | E21: =IF(AND(VALUE(B21)<100, D21>0),D21*0.5,D21*0.25) -> 0 | F21: =IF(P21="C",Q21,IF(AND(VALUE(B21)<100, D21>0),12,IF(D21>0,2,0))) -> 0 | L21: =(E21+F21+G21+H21)-I21-J21-K21 -> 0 | Q21: 5
B22: 27 | C22: Kim | D22: 175 | E22: =IF(AND(VALUE(B22)<100, D22>0),D22*0.5,D22*0.25) -> 87.5 | F22: =IF(P22="C",Q22,IF(AND(VALUE(B22)<100, D22>0),12,IF(D22>0,2,0))) -> 12 | G22: 0 | H22: 0 | I22: 12 | J22: 54.65 | K22: 0 | L22: =(E22+F22+G22+H22)-I22-J22-K22 -> 32.85 | M22: 33 | Q22: 6
B23: 622 | C23: Joseph 622 | D23: 240 | E23: =IF(AND(VALUE(B23)<100, D23>0),D23*0.5,D23*0.25) -> 60 | F23: =IF(P23="C",Q23,IF(AND(VALUE(B23)<100, D23>0),12,IF(D23>0,2,0))) -> 2 | G23: 0 | H23: 10.5 | I23: 170.5 | J23: 25.4 | K23: 0 | L23: =(E23+F23+G23+H23)-I23-J23-K23 -> -123.4 | M23: -123 | Q23: 6
B24: 01 | C24: Kamal | D24: 738 | E24: =IF(AND(VALUE(B24)<100, D24>0),D24*0.5,D24*0.25) -> 369 | F24: =IF(P24="C",Q24,IF(AND(VALUE(B24)<100, D24>0),12,IF(D24>0,2,0))) -> 12 | G24: 5.5 | H24: 11.25 | I24: 218 | J24: 481.88 | K24: 0 | L24: =(E24+F24+G24+H24)-I24-J24-K24 -> -302.13 | M24: -302
B25: 55 | C25: Karlo | D25: 250 | E25: =IF(AND(VALUE(B25)<100, D25>0),D25*0.5,D25*0.25) -> 125 | F25: =IF(P25="C",Q25,IF(AND(VALUE(B25)<100, D25>0),12,IF(D25>0,2,0))) -> 12 | G25: 0 | H25: 0 | I25: 32 | J25: 9.2 | K25: 0 | L25: =(E25+F25+G25+H25)-I25-J25-K25 -> 95.8 | M25: 96 | Q25: 0
B26: 77 | C26: Hesham | E26: =IF(AND(VALUE(B26)<100, D26>0),D26*0.5,D26*0.25) -> 0 | F26: =IF(P26="C",Q26,IF(AND(VALUE(B26)<100, D26>0),12,IF(D26>0,2,0))) -> 0 | L26: =(E26+F26+G26+H26)-I26-J26-K26 -> 0 | Q26: 6
B27: 77 | C27: Khaled | D27: 292 | E27: =IF(AND(VALUE(B27)<100, D27>0),D27*0.5,D27*0.25) -> 146 | F27: =IF(P27="C",Q27,IF(AND(VALUE(B27)<100, D27>0),12,IF(D27>0,2,0))) -> 12 | G27: 5.5 | H27: 1.5 | I27: 75.96 | J27: 123.05 | K27: 0 | L27: =(E27+F27+G27+H27)-I27-J27-K27 -> -34.01 | M27: -34 | T27: 6
B28: 844 | C28: Khodr 844 | E28: =IF(AND(VALUE(B28)<100, D28>0),D28*0.5,D28*0.25) -> 0 | F28: =IF(P28="C",Q28,IF(AND(VALUE(B28)<100, D28>0),12,IF(D28>0,2,0))) -> 0 | L28: =(E28+F28+G28+H28)-I28-J28-K28 -> 0 | Q28: 6 | T28: 4
B29: 644 | C29: Muhiddin 644 | D29: 224 | E29: =IF(AND(VALUE(B29)<100, D29>0),D29*0.5,D29*0.25) -> 56 | F29: =IF(P29="C",Q29,IF(AND(VALUE(B29)<100, D29>0),12,IF(D29>0,2,0))) -> 2 | G29: 8.25 | H29: 1.5 | I29: 8.4 | J29: 63.86 | K29: 0 | L29: =(E29+F29+G29+H29)-I29-J29-K29 -> -4.51 | M29: -5 | Q29: 6
B30: 109 | C30: Nasser 109 | E30: =IF(AND(VALUE(B30)<100, D30>0),D30*0.5,D30*0.25) -> 0 | F30: =IF(P30="C",Q30,IF(AND(VALUE(B30)<100, D30>0),12,IF(D30>0,2,0))) -> 0 | L30: =(E30+F30+G30+H30)-I30-J30-K30 -> 0 | Q30: 0
B31: 25 | C31: Mustapha | D31: 260 | E31: =IF(AND(VALUE(B31)<100, D31>0),D31*0.5,D31*0.25) -> 130 | F31: =IF(P31="C",Q31,IF(AND(VALUE(B31)<100, D31>0),12,IF(D31>0,2,0))) -> 12 | G31: 2.75 | H31: 4.25 | I31: 156.42 | J31: 60.96 | K31: 0 | L31: =(E31+F31+G31+H31)-I31-J31-K31 -> -68.38 | M31: -68 | Q31: 0
B32: 05 | C32: Nassim | E32: =IF(AND(VALUE(B32)<100, D32>0),D32*0.5,D32*0.25) -> 0 | F32: =IF(P32="C",Q32,IF(AND(VALUE(B32)<100, D32>0),12,IF(D32>0,2,0))) -> 0 | L32: =(E32+F32+G32+H32)-I32-J32-K32 -> 0 | Q32: 6
B33: 02 | C33: Sayed | E33: =IF(AND(VALUE(B33)<100, D33>0),D33*0.5,D33*0.25) -> 0 | F33: =IF(P33="C",Q33,IF(AND(VALUE(B33)<100, D33>0),12,IF(D33>0,2,0))) -> 0 | L33: =(E33+F33+G33+H33)-I33-J33-K33 -> 0
B34: 96 | C34: Rabah | D34: 252 | E34: =IF(AND(VALUE(B34)<100, D34>0),D34*0.5,D34*0.25) -> 126 | F34: =IF(P34="C",Q34,IF(AND(VALUE(B34)<100, D34>0),12,IF(D34>0,2,0))) -> 12 | G34: 2.75 | H34: 0.75 | I34: 115.27 | J34: 0 | K34: 0 | L34: =(E34+F34+G34+H34)-I34-J34-K34 -> 26.23 | M34: 26
B35: 33 | C35: Rachid | D35: 202 | E35: =IF(AND(VALUE(B35)<100, D35>0),D35*0.5,D35*0.25) -> 101 | F35: =IF(P35="C",Q35,IF(AND(VALUE(B35)<100, D35>0),12,IF(D35>0,2,0))) -> 12 | G35: 0 | H35: 7 | I35: 138.6 | J35: 0 | K35: 0 | L35: =(E35+F35+G35+H35)-I35-J35-K35 -> -18.6 | M35: -19
B36: 510 | C36: Samuel 510 | D36: 146 | E36: =IF(AND(VALUE(B36)<100, D36>0),D36*0.5,D36*0.25) -> 36.5 | F36: =IF(P36="C",Q36,IF(AND(VALUE(B36)<100, D36>0),12,IF(D36>0,2,0))) -> 2 | G36: 0 | H36: 0 | I36: 24 | J36: 9.2 | K36: 0 | L36: =(E36+F36+G36+H36)-I36-J36-K36 -> 5.3 | M36: 5
B37: 132 | C37: Samir 132 | E37: =IF(AND(VALUE(B37)<100, D37>0),D37*0.5,D37*0.25) -> 0 | F37: =IF(P37="C",Q37,IF(AND(VALUE(B37)<100, D37>0),12,IF(D37>0,2,0))) -> 0 | L37: =(E37+F37+G37+H37)-I37-J37-K37 -> 0 | P37: c
B38: 137 | C38: Osama 137 | E38: =IF(AND(VALUE(B38)<100, D38>0),D38*0.5,D38*0.25) -> 0 | F38: =IF(P38="C",Q38,IF(AND(VALUE(B38)<100, D38>0),12,IF(D38>0,2,0))) -> 0 | L38: =(E38+F38+G38+H38)-I38-J38-K38 -> 0 | Q38: 6
B39: 77 | C39: Shalaby | D39: 308 | E39: =IF(AND(VALUE(B39)<100, D39>0),D39*0.5,D39*0.25) -> 154 | F39: =IF(P39="C",Q39,IF(AND(VALUE(B39)<100, D39>0),12,IF(D39>0,2,0))) -> 12 | G39: 5.5 | H39: 1.5 | I39: 179.36 | J39: 6 | K39: 0 | L39: =(E39+F39+G39+H39)-I39-J39-K39 -> -12.36 | M39: -12 | Q39: 6
B40: 18 | C40: Spike | D40: 258 | E40: =IF(AND(VALUE(B40)<100, D40>0),D40*0.5,D40*0.25) -> 129 | F40: =IF(P40="C",Q40,IF(AND(VALUE(B40)<100, D40>0),12,IF(D40>0,2,0))) -> 12 | G40: 2.75 | H40: 4.25 | I40: 19 | J40: 20.7 | K40: 0 | L40: =(E40+F40+G40+H40)-I40-J40-K40 -> 108.3 | M40: 108
B41: 169 | C41: Tariq 169 | E41: =IF(AND(VALUE(B41)<100, D41>0),D41*0.5,D41*0.25) -> 0 | F41: =IF(P41="C",Q41,IF(AND(VALUE(B41)<100, D41>0),12,IF(D41>0,2,0))) -> 0 | L41: =(E41+F41+G41+H41)-I41-J41-K41 -> 0
B42: 610 | C42: Rizwan 610 | E42: =IF(AND(VALUE(B42)<100, D42>0),D42*0.5,D42*0.25) -> 0 | F42: =IF(P42="C",Q42,IF(AND(VALUE(B42)<100, D42>0),12,IF(D42>0,2,0))) -> 0 | L42: =(E42+F42+G42+H42)-I42-J42-K42 -> 0
B43: 99 | C43: Willy | D43: 328 | E43: =IF(AND(VALUE(B43)<100, D43>0),D43*0.5,D43*0.25) -> 164 | F43: =IF(P43="C",Q43,IF(AND(VALUE(B43)<100, D43>0),12,IF(D43>0,2,0))) -> 12 | G43: 5.5 | H43: 1.5 | I43: 17 | J43: 136.56 | K43: 0 | L43: =(E43+F43+G43+H43)-I43-J43-K43 -> 29.44 | M43: 29 | N43: 0
B44: 012 | C44: Ragueb | D44: 203 | E44: =IF(AND(VALUE(B44)<100, D44>0),D44*0.5,D44*0.25) -> 101.5 | F44: =IF(P44="C",Q44,IF(AND(VALUE(B44)<100, D44>0),12,IF(D44>0,2,0))) -> 12 | G44: 0 | H44: 3.5 | I44: 174.37 | J44: 23 | K44: 0 | L44: =(E44+F44+G44+H44)-I44-J44-K44 -> -80.37 | M44: -80
B45: 15 | C45: Yousef | D45: 223 | E45: =IF(AND(VALUE(B45)<100, D45>0),D45*0.5,D45*0.25) -> 111.5 | F45: =IF(P45="C",Q45,IF(AND(VALUE(B45)<100, D45>0),12,IF(D45>0,2,0))) -> 12 | G45: 0 | H45: 3.5 | I45: 44.9 | J45: 11.5 | K45: 0 | L45: =(E45+F45+G45+H45)-I45-J45-K45 -> 70.6 | M45: 71 | Q45: 0
B46: 99 | C46: Rushdi | E46: =IF(AND(VALUE(B46)<100, D46>0),D46*0.5,D46*0.25) -> 0 | F46: =IF(P46="C",Q46,IF(AND(VALUE(B46)<100, D46>0),12,IF(D46>0,2,0))) -> 0 | L46: =(E46+F46+G46+H46)-I46-J46-K46 -> 0
E47: =IF(AND(VALUE(B47)<100, D47>0),D47*0.5,D47*0.25) -> 0 | F47: =IF(P47="C",Q47,IF(AND(VALUE(B47)<100, D47>0),12,IF(D47>0,2,0))) -> 0 | L47: =(E47+F47+G47+H47)-I47-J47-K47 -> 0 | Q47: 6
D48: =SUM(D4:D47) -> 6991 | E48: =SUM(E4:E47) -> 3143 | F48: =SUM(F4:F47) -> 256 | G48: =SUM(G4:G47) -> 71.5 | H48: =SUM(H4:H47) -> 116.5 | I48: =SUM(I4:I47) -> 2165.56 | J48: =SUM(J4:J47) -> 1470.84 | K48: =SUM(K4:K47) -> 0 | ... N48: =SUM(N4:N47) -> 0

Sheet Wed PM
A1: Date | B1: ='Mon AM'!B1+2 -> 46120 | D1: Shift | E1: PM
B3: Car | C3: Driver | D3: Book | E3: Comm | F3: Radio | G3: NYC CF | H3: PA Fee | I3: CC | J3: DB | K3: Misc | L3: NTD | M3: Cash in/out | N3: Driver Short | O3: Notes
B4: 138 | C4: Akram 138 | E4: =IF(AND(VALUE(B4)<100, D4>0),D4*0.5,D4*0.25) -> 0 | F4: =IF(P4="C",Q4,IF(AND(VALUE(B4)<100, D4>0),12,IF(D4>0,2,0))) -> 0 | L4: =(E4+F4+G4+H4)-I4-J4-K4 -> 0 | P4: c | Q4: 0 | R4: Total Book | S4: =D48 -> 2731
B5: 667 | C5: Abid 667 | E5: =IF(AND(VALUE(B5)<100, D5>0),D5*0.5,D5*0.25) -> 0 | F5: =IF(P5="C",Q5,IF(AND(VALUE(B5)<100, D5>0),12,IF(D5>0,2,0))) -> 0 | L5: =(E5+F5+G5+H5)-I5-J5-K5 -> 0 | Q5: 6 | R5: Comp Comm | S5: =E48 -> 1258.5
B6: 11 | C6: Alhassan | E6: =IF(AND(VALUE(B6)<100, D6>0),D6*0.5,D6*0.25) -> 0 | F6: =IF(P6="C",Q6,IF(AND(VALUE(B6)<100, D6>0),12,IF(D6>0,2,0))) -> 0 | L6: =(E6+F6+G6+H6)-I6-J6-K6 -> 0 | Q6: 6 | R6: Radio | S6: =F48 -> 104
B7: 70 | C7: Adnan | E7: =IF(AND(VALUE(B7)<100, D7>0),D7*0.5,D7*0.25) -> 0 | F7: =IF(P7="C",Q7,IF(AND(VALUE(B7)<100, D7>0),12,IF(D7>0,2,0))) -> 0 | L7: =(E7+F7+G7+H7)-I7-J7-K7 -> 0 | Q7: 6 | R7: NYC CF | S7: =G48 -> 16.5
B8: 210 | C8: Boumadian | D8: 20 | E8: =IF(AND(VALUE(B8)<100, D8>0),D8*0.5,D8*0.25) -> 5 | F8: =IF(P8="C",Q8,IF(AND(VALUE(B8)<100, D8>0),12,IF(D8>0,2,0))) -> 2 | G8: 0 | H8: 0 | I8: 11 | J8: 0 | K8: 0 | L8: =(E8+F8+G8+H8)-I8-J8-K8 -> -4 | M8: -4 | N8: -4 | O8: Deducted $4 for 4/7 | Q8: 6 | R8: PA Fee | S8: =H48 -> 68.75
B9: 012 | C9: Hamed | E9: =IF(AND(VALUE(B9)<100, D9>0),D9*0.5,D9*0.25) -> 0 | F9: =IF(P9="C",Q9,IF(AND(VALUE(B9)<100, D9>0),12,IF(D9>0,2,0))) -> 0 | L9: =(E9+F9+G9+H9)-I9-J9-K9 -> 0 | Q9: 0 | R9: CC | S9: =I48 -> 1054.92
B10: 44 | C10: Cono | E10: =IF(AND(VALUE(B10)<100, D10>0),D10*0.5,D10*0.25) -> 0 | F10: =IF(P10="C",Q10,IF(AND(VALUE(B10)<100, D10>0),12,IF(D10>0,2,0))) -> 0 | L10: =(E10+F10+G10+H10)-I10-J10-K10 -> 0 | Q10: 6 | R10: DB | S10: =J48 -> 562.79
B11: 15 | C11: Hamdy | D11: 162 | E11: =IF(AND(VALUE(B11)<100, D11>0),D11*0.5,D11*0.25) -> 81 | F11: =IF(P11="C",Q11,IF(AND(VALUE(B11)<100, D11>0),12,IF(D11>0,2,0))) -> 12 | G11: 0 | H11: 0 | I11: 28.05 | J11: 0 | K11: 14 | L11: =(E11+F11+G11+H11)-I11-J11-K11 -> 50.95 | M11: 32 | N11: 19 | Q11: 6 | R11: Misc | S11: =K48 -> 14
B12: 02 | C12: Divakar | D12: 210 | E12: =IF(AND(VALUE(B12)<100, D12>0),D12*0.5,D12*0.25) -> 105 | F12: =IF(P12="C",Q12,IF(AND(VALUE(B12)<100, D12>0),12,IF(D12>0,2,0))) -> 12 | G12: 2.75 | H12: 3.5 | I12: 118.25 | J12: 13.8 | K12: 0 | L12: =(E12+F12+G12+H12)-I12-J12-K12 -> -8.8 | M12: -9 | Q12: 6 | R12: Driver Short | S12: =N48 -> 15
B13: 012 | C13: Hosari | D13: 346 | E13: =IF(AND(VALUE(B13)<100, D13>0),D13*0.5,D13*0.25) -> 173 | F13: =IF(P13="C",Q13,IF(AND(VALUE(B13)<100, D13>0),12,IF(D13>0,2,0))) -> 12 | G13: 2.75 | H13: 11.25 | I13: 217.16 | J13: 165.96 | K13: 0 | L13: =(E13+F13+G13+H13)-I13-J13-K13 -> -184.12 | M13: -184 | Q13: 0 | S13: =S5+S6+S7-S9-S10-S11-S12 -> -267.71
B14: 263 | C14: Tarek 263 | E14: =IF(AND(VALUE(B14)<100, D14>0),D14*0.5,D14*0.25) -> 0 | F14: =IF(P14="C",Q14,IF(AND(VALUE(B14)<100, D14>0),12,IF(D14>0,2,0))) -> 0 | L14: =(E14+F14+G14+H14)-I14-J14-K14 -> 0 | Q14: 6 | R14: Cash | S14: =M48 -> -202
B15: 11 | C15: John Meza | E15: =IF(AND(VALUE(B15)<100, D15>0),D15*0.5,D15*0.25) -> 0 | F15: =IF(P15="C",Q15,IF(AND(VALUE(B15)<100, D15>0),12,IF(D15>0,2,0))) -> 0 | L15: =(E15+F15+G15+H15)-I15-J15-K15 -> 0
B16: 15 | C16: Johnny 120 | D16: 191 | E16: =IF(AND(VALUE(B16)<100, D16>0),D16*0.5,D16*0.25) -> 95.5 | F16: =IF(P16="C",Q16,IF(AND(VALUE(B16)<100, D16>0),12,IF(D16>0,2,0))) -> 12 | G16: 0 | H16: 3.5 | I16: 10 | J16: 138 | K16: 0 | L16: =(E16+F16+G16+H16)-I16-J16-K16 -> -37 | M16: -37
B17: 02 | C17: Kuhali | E17: =IF(AND(VALUE(B17)<100, D17>0),D17*0.5,D17*0.25) -> 0 | F17: =IF(P17="C",Q17,IF(AND(VALUE(B17)<100, D17>0),12,IF(D17>0,2,0))) -> 0 | L17: =(E17+F17+G17+H17)-I17-J17-K17 -> 0 | Q17: 6
B18: 55 | C18: Maroc | E18: =IF(AND(VALUE(B18)<100, D18>0),D18*0.5,D18*0.25) -> 0 | F18: =IF(P18="C",Q18,IF(AND(VALUE(B18)<100, D18>0),12,IF(D18>0,2,0))) -> 0 | L18: =(E18+F18+G18+H18)-I18-J18-K18 -> 0 | Q18: 0 | R18: House Cars | S18: {=SUMPRODUCT((VALUE(B4:B47)<100)*(D4:D47>0))} -> 9
B19: 18 | C19: Mourad | E19: =IF(AND(VALUE(B19)<100, D19>0),D19*0.5,D19*0.25) -> 0 | F19: =IF(P19="C",Q19,IF(AND(VALUE(B19)<100, D19>0),12,IF(D19>0,2,0))) -> 0 | L19: =(E19+F19+G19+H19)-I19-J19-K19 -> 0 | P19: c | Q19: 0 | R19: Private Cars | S19: {=SUMPRODUCT((VALUE(B4:B47)>100)*(D4:D47>0))} -> 4
B20: 06 | C20: Peter | D20: 272 | E20: =IF(AND(VALUE(B20)<100, D20>0),D20*0.5,D20*0.25) -> 136 | F20: =IF(P20="C",Q20,IF(AND(VALUE(B20)<100, D20>0),12,IF(D20>0,2,0))) -> 12 | G20: 2.75 | H20: 7 | I20: 64.5 | J20: 144.33 | K20: 0 | L20: =(E20+F20+G20+H20)-I20-J20-K20 -> -51.08 | M20: -51 | R20: Total | S20: =S18+S19 -> 13
B21: 44 | C21: Madjid | E21: =IF(AND(VALUE(B21)<100, D21>0),D21*0.5,D21*0.25) -> 0 | F21: =IF(P21="C",Q21,IF(AND(VALUE(B21)<100, D21>0),12,IF(D21>0,2,0))) -> 0 | L21: =(E21+F21+G21+H21)-I21-J21-K21 -> 0 | Q21: 6
B22: 15 | C22: Smail | D22: 324 | E22: =IF(AND(VALUE(B22)<100, D22>0),D22*0.5,D22*0.25) -> 162 | F22: =IF(P22="C",Q22,IF(AND(VALUE(B22)<100, D22>0),12,IF(D22>0,2,0))) -> 12 | G22: 5.5 | H22: 11.25 | I22: 136.06 | J22: 62.75 | K22: 0 | L22: =(E22+F22+G22+H22)-I22-J22-K22 -> -8.06 | M22: -8 | Q22: 6
B23: 05 | C23: Soufiane | D23: 372 | E23: =IF(AND(VALUE(B23)<100, D23>0),D23*0.5,D23*0.25) -> 186 | F23: =IF(P23="C",Q23,IF(AND(VALUE(B23)<100, D23>0),12,IF(D23>0,2,0))) -> 12 | G23: 0 | H23: 10.5 | I23: 165.4 | J23: 0 | K23: 0 | L23: =(E23+F23+G23+H23)-I23-J23-K23 -> 43.1 | M23: 43 | Q23: 0
B24: 012 | C24: Tanios | E24: =IF(AND(VALUE(B24)<100, D24>0),D24*0.5,D24*0.25) -> 0 | F24: =IF(P24="C",Q24,IF(AND(VALUE(B24)<100, D24>0),12,IF(D24>0,2,0))) -> 0 | L24: =(E24+F24+G24+H24)-I24-J24-K24 -> 0 | Q24: 6
B25: 80 | C25: Zaki | D25: 286 | E25: =IF(AND(VALUE(B25)<100, D25>0),D25*0.5,D25*0.25) -> 143 | F25: =IF(P25="C",Q25,IF(AND(VALUE(B25)<100, D25>0),12,IF(D25>0,2,0))) -> 12 | G25: 2.75 | H25: 11.25 | I25: 109 | J25: 0 | K25: 0 | L25: =(E25+F25+G25+H25)-I25-J25-K25 -> 60 | M25: 60 | Q25: 6
B26: 15 | C26: Nofal | E26: =IF(AND(VALUE(B26)<100, D26>0),D26*0.5,D26*0.25) -> 0 | F26: =IF(P26="C",Q26,IF(AND(VALUE(B26)<100, D26>0),12,IF(D26>0,2,0))) -> 0 | L26: =(E26+F26+G26+H26)-I26-J26-K26 -> 0 | Q26: 6
B27: 44 | C27: Reda | E27: =IF(AND(VALUE(B27)<100, D27>0),D27*0.5,D27*0.25) -> 0 | F27: =IF(P27="C",Q27,IF(AND(VALUE(B27)<100, D27>0),12,IF(D27>0,2,0))) -> 0 | L27: =(E27+F27+G27+H27)-I27-J27-K27 -> 0
B28: 445 | C28: Sadiki 445 | D28: 74 | E28: =IF(AND(VALUE(B28)<100, D28>0),D28*0.5,D28*0.25) -> 18.5 | F28: =IF(P28="C",Q28,IF(AND(VALUE(B28)<100, D28>0),12,IF(D28>0,2,0))) -> 2 | G28: 0 | H28: 0 | I28: 0 | J28: 28.75 | K28: 0 | L28: =(E28+F28+G28+H28)-I28-J28-K28 -> -8.25 | M28: -8 | T28: 1
B29: 77 | C29: Shousha | E29: =IF(AND(VALUE(B29)<100, D29>0),D29*0.5,D29*0.25) -> 0 | F29: =IF(P29="C",Q29,IF(AND(VALUE(B29)<100, D29>0),12,IF(D29>0,2,0))) -> 0 | L29: =(E29+F29+G29+H29)-I29-J29-K29 -> 0 | T29: 1
B30: 95 | C30: Sayah | D30: 140 | E30: =IF(AND(VALUE(B30)<100, D30>0),D30*0.5,D30*0.25) -> 70 | F30: =IF(P30="C",Q30,IF(AND(VALUE(B30)<100, D30>0),12,IF(D30>0,2,0))) -> 0 | G30: 0 | H30: 7 | I30: 68.5 | J30: 0 | K30: 0 | L30: =(E30+F30+G30+H30)-I30-J30-K30 -> 8.5 | M30: 9 | P30: c | Q30: 0
B31: 277 | C31: Nasser 277 | E31: =IF(AND(VALUE(B31)<100, D31>0),D31*0.5,D31*0.25) -> 0 | F31: =IF(P31="C",Q31,IF(AND(VALUE(B31)<100, D31>0),12,IF(D31>0,2,0))) -> 0 | L31: =(E31+F31+G31+H31)-I31-J31-K31 -> 0
B32: 158 | C32: Khamis 158 | E32: =IF(AND(VALUE(B32)<100, D32>0),D32*0.5,D32*0.25) -> 0 | F32: =IF(P32="C",Q32,IF(AND(VALUE(B32)<100, D32>0),12,IF(D32>0,2,0))) -> 0 | L32: =(E32+F32+G32+H32)-I32-J32-K32 -> 0
B33: 434 | C33: Radwan 434 | D33: 224 | E33: =IF(AND(VALUE(B33)<100, D33>0),D33*0.5,D33*0.25) -> 56 | F33: =IF(P33="C",Q33,IF(AND(VALUE(B33)<100, D33>0),12,IF(D33>0,2,0))) -> 2 | G33: 0 | H33: 3.5 | I33: 83 | J33: 0 | K33: 0 | L33: =(E33+F33+G33+H33)-I33-J33-K33 -> -21.5 | M33: -21
B34: 662 | C34: Aly 662 | D34: 110 | E34: =IF(AND(VALUE(B34)<100, D34>0),D34*0.5,D34*0.25) -> 27.5 | F34: =IF(P34="C",Q34,IF(AND(VALUE(B34)<100, D34>0),12,IF(D34>0,2,0))) -> 2 | G34: 0 | H34: 0 | I34: 44 | J34: 9.2 | K34: 0 | L34: =(E34+F34+G34+H34)-I34-J34-K34 -> -23.7 | M34: -24
B35: 05 | C35: Rushdi | E35: =IF(AND(VALUE(B35)<100, D35>0),D35*0.5,D35*0.25) -> 0 | F35: =IF(P35="C",Q35,IF(AND(VALUE(B35)<100, D35>0),12,IF(D35>0,2,0))) -> 0 | L35: =(E35+F35+G35+H35)-I35-J35-K35 -> 0
B36: 109 | C36: Nasser 109 | E36: =IF(AND(VALUE(B36)<100, D36>0),D36*0.5,D36*0.25) -> 0 | F36: =IF(P36="C",Q36,IF(AND(VALUE(B36)<100, D36>0),12,IF(D36>0,2,0))) -> 0 | L36: =(E36+F36+G36+H36)-I36-J36-K36 -> 0
B37: 326 | C37: Obaydou 326 | E37: =IF(AND(VALUE(B37)<100, D37>0),D37*0.5,D37*0.25) -> 0 | F37: =IF(P37="C",Q37,IF(AND(VALUE(B37)<100, D37>0),12,IF(D37>0,2,0))) -> 0 | L37: =(E37+F37+G37+H37)-I37-J37-K37 -> 0
E38: =IF(AND(VALUE(B38)<100, D38>0),D38*0.5,D38*0.25) -> 0 | F38: =IF(P38="C",Q38,IF(AND(VALUE(B38)<100, D38>0),12,IF(D38>0,2,0))) -> 0 | L38: =(E38+F38+G38+H38)-I38-J38-K38 -> 0
E39: =IF(AND(VALUE(B39)<100, D39>0),D39*0.5,D39*0.25) -> 0 | F39: =IF(P39="C",Q39,IF(AND(VALUE(B39)<100, D39>0),12,IF(D39>0,2,0))) -> 0 | L39: =(E39+F39+G39+H39)-I39-J39-K39 -> 0
E40: =IF(AND(VALUE(B40)<100, D40>0),D40*0.5,D40*0.25) -> 0 | F40: =IF(P40="C",Q40,IF(AND(VALUE(B40)<100, D40>0),12,IF(D40>0,2,0))) -> 0 | L40: =(E40+F40+G40+H40)-I40-J40-K40 -> 0
E41: =IF(AND(VALUE(B41)<100, D41>0),D41*0.5,D41*0.25) -> 0 | F41: =IF(P41="C",Q41,IF(AND(VALUE(B41)<100, D41>0),12,IF(D41>0,2,0))) -> 0 | L41: =(E41+F41+G41+H41)-I41-J41-K41 -> 0
E42: =IF(AND(VALUE(B42)<100, D42>0),D42*0.5,D42*0.25) -> 0 | F42: =IF(P42="C",Q42,IF(AND(VALUE(B42)<100, D42>0),12,IF(D42>0,2,0))) -> 0 | L42: =(E42+F42+G42+H42)-I42-J42-K42 -> 0
E43: =IF(AND(VALUE(B43)<100, D43>0),D43*0.5,D43*0.25) -> 0 | F43: =IF(P43="C",Q43,IF(AND(VALUE(B43)<100, D43>0),12,IF(D43>0,2,0))) -> 0 | L43: =(E43+F43+G43+H43)-I43-J43-K43 -> 0
E44: =IF(AND(VALUE(B44)<100, D44>0),D44*0.5,D44*0.25) -> 0 | F44: =IF(P44="C",Q44,IF(AND(VALUE(B44)<100, D44>0),12,IF(D44>0,2,0))) -> 0 | L44: =(E44+F44+G44+H44)-I44-J44-K44 -> 0
E45: =IF(AND(VALUE(B45)<100, D45>0),D45*0.5,D45*0.25) -> 0 | F45: =IF(P45="C",Q45,IF(AND(VALUE(B45)<100, D45>0),12,IF(D45>0,2,0))) -> 0 | L45: =(E45+F45+G45+H45)-I45-J45-K45 -> 0
E46: =IF(AND(VALUE(B46)<100, D46>0),D46*0.5,D46*0.25) -> 0 | F46: =IF(P46="C",Q46,IF(AND(VALUE(B46)<100, D46>0),12,IF(D46>0,2,0))) -> 0 | L46: =(E46+F46+G46+H46)-I46-J46-K46 -> 0
E47: =IF(AND(VALUE(B47)<100, D47>0),D47*0.5,D47*0.25) -> 0 | F47: =IF(P47="C",Q47,IF(AND(VALUE(B47)<100, D47>0),12,IF(D47>0,2,0))) -> 0 | L47: =(E47+F47+G47+H47)-I47-J47-K47 -> 0
D48: =SUM(D4:D47) -> 2731 | E48: =SUM(E4:E47) -> 1258.5 | F48: =SUM(F4:F47) -> 104 | G48: =SUM(G4:G47) -> 16.5 | H48: =SUM(H4:H47) -> 68.75 | I48: =SUM(I4:I47) -> 1054.92 | J48: =SUM(J4:J47) -> 562.79 | K48: =SUM(K4:K47) -> 14 | ... N48: =SUM(N4:N47) -> 15

Sheet Thurs AM
A1: Date | B1: ='Mon AM'!B1+3 -> 46121 | D1: Shift | E1: AM
B3: Car | C3: Driver | D3: Book | E3: Comm | F3: Radio | G3: NYC CF | H3: PA Fee | I3: CC | J3: DB | K3: Misc | L3: NTD | M3: Cash in/out | N3: Driver Short | O3: Notes
B4: 70 | C4: Alan C | D4: 250 | E4: =IF(AND(VALUE(B4)<100, D4>0),D4*0.5,D4*0.25) -> 125 | F4: =IF(P4="C",Q4,IF(AND(VALUE(B4)<100, D4>0),12,IF(D4>0,2,0))) -> 12 | G4: 2.75 | H4: 7 | I4: 61 | J4: 138.31 | K4: 0 | L4: =(E4+F4+G4+H4)-I4-J4-K4 -> -52.56 | M4: -53 | N4: -7 | O4: Deducted $7 for 4/10, 4/7 & 4/8 | Q4: 0 | R4: Total Book | S4: =D48 -> 8099.25
B5: 20 | C5: Hammad 125 | D5: 571 | E5: =IF(AND(VALUE(B5)<100, D5>0),D5*0.5,D5*0.25) -> 285.5 | F5: =IF(P5="C",Q5,IF(AND(VALUE(B5)<100, D5>0),12,IF(D5>0,2,0))) -> 12 | G5: 0 | H5: 14 | I5: 354.2 | J5: 0 | K5: 0 | L5: =(E5+F5+G5+H5)-I5-J5-K5 -> -42.7 | M5: -43 | Q5: 0 | R5: Comp Comm | S5: =E48 -> 3662.125
B6: 114 | C6: Ash 114 | D6: 172 | E6: =IF(AND(VALUE(B6)<100, D6>0),D6*0.5,D6*0.25) -> 43 | F6: =IF(P6="C",Q6,IF(AND(VALUE(B6)<100, D6>0),12,IF(D6>0,2,0))) -> 2 | G6: 2.75 | H6: 0.75 | I6: 58 | J6: 0 | K6: 0 | L6: =(E6+F6+G6+H6)-I6-J6-K6 -> -9.5 | M6: -9 | Q6: 6 | R6: Radio | S6: =F48 -> 254
B7: 326 | C7: Obaydou 326 | D7: 359 | E7: =IF(AND(VALUE(B7)<100, D7>0),D7*0.5,D7*0.25) -> 89.75 | F7: =IF(P7="C",Q7,IF(AND(VALUE(B7)<100, D7>0),12,IF(D7>0,2,0))) -> 2 | G7: 2.75 | H7: 0.75 | I7: 39.75 | J7: 186.16 | K7: 0 | L7: =(E7+F7+G7+H7)-I7-J7-K7 -> -130.66 | M7: -131 | Q7: 6 | R7: NYC CF | S7: =G48 -> 57.75
B8: 33 | C8: Adnan | D8: 335 | E8: =IF(AND(VALUE(B8)<100, D8>0),D8*0.5,D8*0.25) -> 167.5 | F8: =IF(P8="C",Q8,IF(AND(VALUE(B8)<100, D8>0),12,IF(D8>0,2,0))) -> 12 | G8: 0 | H8: 14 | I8: 206.5 | J8: 0 | K8: 0 | L8: =(E8+F8+G8+H8)-I8-J8-K8 -> -13 | M8: -13 | R8: PA Fee | S8: =H48 -> 148.5
B9: 155 | C9: Abed 155 | E9: =IF(AND(VALUE(B9)<100, D9>0),D9*0.5,D9*0.25) -> 0 | F9: =IF(P9="C",Q9,IF(AND(VALUE(B9)<100, D9>0),12,IF(D9>0,2,0))) -> 0 | L9: =(E9+F9+G9+H9)-I9-J9-K9 -> 0 | Q9: 0 | R9: CC | S9: =I48 -> 2719.28
B10: 02 | C10: Alvis | D10: 245 | E10: =IF(AND(VALUE(B10)<100, D10>0),D10*0.5,D10*0.25) -> 122.5 | F10: =IF(P10="C",Q10,IF(AND(VALUE(B10)<100, D10>0),12,IF(D10>0,2,0))) -> 12 | G10: 0 | H10: 3.5 | I10: 183.17 | J10: 20.7 | K10: 0 | L10: =(E10+F10+G10+H10)-I10-J10-K10 -> -65.87 | M10: -66 | N10: -62 | O10: Deducted $62 for 4/7 & 4/8 | R10: DB | S10: =J48 -> 1962.12
B11: 133 | C11: Bobby 133 | D11: 160 | E11: =IF(AND(VALUE(B11)<100, D11>0),D11*0.5,D11*0.25) -> 40 | F11: =IF(P11="C",Q11,IF(AND(VALUE(B11)<100, D11>0),12,IF(D11>0,2,0))) -> 2 | G11: 0 | H11: 0 | I11: 0 | J11: 8.05 | K11: 0 | L11: =(E11+F11+G11+H11)-I11-J11-K11 -> 33.95 | M11: 34 | N11: 0 | R11: Misc | S11: =K48 -> 0
B12: 176 | C12: Djilali 176 | D12: 201 | E12: =IF(AND(VALUE(B12)<100, D12>0),D12*0.5,D12*0.25) -> 50.25 | F12: =IF(P12="C",Q12,IF(AND(VALUE(B12)<100, D12>0),12,IF(D12>0,2,0))) -> 2 | G12: 0 | H12: 3.5 | I12: 83.5 | J12: 57.5 | K12: 0 | L12: =(E12+F12+G12+H12)-I12-J12-K12 -> -85.25 | M12: -85 | Q12: 6 | R12: Driver Short | S12: =N48 -> -73
B13: 454 | C13: Agha 454 | D13: 234 | E13: =IF(AND(VALUE(B13)<100, D13>0),D13*0.5,D13*0.25) -> 58.5 | F13: =IF(P13="C",Q13,IF(AND(VALUE(B13)<100, D13>0),12,IF(D13>0,2,0))) -> 2 | G13: 2.75 | H13: 4.25 | I13: 106.56 | J13: 23 | K13: 0 | L13: =(E13+F13+G13+H13)-I13-J13-K13 -> -62.06 | M13: -62 | Q13: 6 | S13: =S5+S6+S7-S9-S10-S11-S12 -> -634.525
B14: 88 | C14: Ayad | D14: 279 | E14: =IF(AND(VALUE(B14)<100, D14>0),D14*0.5,D14*0.25) -> 139.5 | F14: =IF(P14="C",Q14,IF(AND(VALUE(B14)<100, D14>0),12,IF(D14>0,2,0))) -> 12 | G14: 2.75 | H14: 3.5 | I14: 0 | J14: 228.71 | K14: 0 | L14: =(E14+F14+G14+H14)-I14-J14-K14 -> -70.96 | M14: -71 | Q14: 6 | R14: Cash | S14: =M48 -> -559
B15: 96 | C15: Esmail | D15: 361.25 | E15: =IF(AND(VALUE(B15)<100, D15>0),D15*0.5,D15*0.25) -> 180.625 | F15: =IF(P15="C",Q15,IF(AND(VALUE(B15)<100, D15>0),12,IF(D15>0,2,0))) -> 12 | G15: 5.5 | H15: 5 | I15: 142.46 | J15: 207.9 | K15: 0 | L15: =(E15+F15+G15+H15)-I15-J15-K15 -> -147.235 | M15: -147 | N15: -4 | O15: Deducted $4 for 4/7 | Q15: 0
B16: 26 | C16: Gus | D16: 258 | E16: =IF(AND(VALUE(B16)<100, D16>0),D16*0.5,D16*0.25) -> 129 | F16: =IF(P16="C",Q16,IF(AND(VALUE(B16)<100, D16>0),12,IF(D16>0,2,0))) -> 12 | G16: 5.5 | H16: 1.5 | I16: 12 | J16: 0 | K16: 0 | L16: =(E16+F16+G16+H16)-I16-J16-K16 -> 136 | M16: 136 | Q16: 6
B17: 11 | C17: Hashem | E17: =IF(AND(VALUE(B17)<100, D17>0),D17*0.5,D17*0.25) -> 0 | F17: =IF(P17="C",Q17,IF(AND(VALUE(B17)<100, D17>0),12,IF(D17>0,2,0))) -> 0 | L17: =(E17+F17+G17+H17)-I17-J17-K17 -> 0 | Q17: 6
B18: 27 | C18: Hassan | E18: =IF(AND(VALUE(B18)<100, D18>0),D18*0.5,D18*0.25) -> 0 | F18: =IF(P18="C",Q18,IF(AND(VALUE(B18)<100, D18>0),12,IF(D18>0,2,0))) -> 0 | L18: =(E18+F18+G18+H18)-I18-J18-K18 -> 0 | Q18: 0 | R18: House Cars | S18: {=SUMPRODUCT((VALUE(B4:B47)<100)*(D4:D47>0))} -> 20
B19: 33 | C19: Ihab | E19: =IF(AND(VALUE(B19)<100, D19>0),D19*0.5,D19*0.25) -> 0 | F19: =IF(P19="C",Q19,IF(AND(VALUE(B19)<100, D19>0),12,IF(D19>0,2,0))) -> 0 | L19: =(E19+F19+G19+H19)-I19-J19-K19 -> 0 | Q19: 6 | R19: Private Cars | S19: {=SUMPRODUCT((VALUE(B4:B47)>100)*(D4:D47>0))} -> 7
B20: 77 | C20: Nofal | D20: 275 | E20: =IF(AND(VALUE(B20)<100, D20>0),D20*0.5,D20*0.25) -> 137.5 | F20: =IF(P20="C",Q20,IF(AND(VALUE(B20)<100, D20>0),12,IF(D20>0,2,0))) -> 12 | G20: 0 | H20: 10.5 | I20: 0 | J20: 0 | K20: 0 | L20: =(E20+F20+G20+H20)-I20-J20-K20 -> 160 | M20: 160 | R20: Total | S20: =S18+S19 -> 27
B21: 33 | C21: Ibrahim | E21: =IF(AND(VALUE(B21)<100, D21>0),D21*0.5,D21*0.25) -> 0 | F21: =IF(P21="C",Q21,IF(AND(VALUE(B21)<100, D21>0),12,IF(D21>0,2,0))) -> 0 | L21: =(E21+F21+G21+H21)-I21-J21-K21 -> 0 | Q21: 2
B22: 27 | C22: Kim | D22: 251 | E22: =IF(AND(VALUE(B22)<100, D22>0),D22*0.5,D22*0.25) -> 125.5 | F22: =IF(P22="C",Q22,IF(AND(VALUE(B22)<100, D22>0),12,IF(D22>0,2,0))) -> 12 | G22: 0 | H22: 3.5 | I22: 64.8 | J22: 23 | K22: 0 | L22: =(E22+F22+G22+H22)-I22-J22-K22 -> 53.2 | M22: 53 | Q22: 6
B23: 622 | C23: Joseph 622 | D23: 204 | E23: =IF(AND(VALUE(B23)<100, D23>0),D23*0.5,D23*0.25) -> 51 | F23: =IF(P23="C",Q23,IF(AND(VALUE(B23)<100, D23>0),12,IF(D23>0,2,0))) -> 2 | G23: 0 | H23: 3.5 | I23: 0 | J23: 0 | K23: 0 | L23: =(E23+F23+G23+H23)-I23-J23-K23 -> 56.5 | M23: 57 | Q23: 6
B24: 01 | C24: Kamal | D24: 584 | E24: =IF(AND(VALUE(B24)<100, D24>0),D24*0.5,D24*0.25) -> 292 | F24: =IF(P24="C",Q24,IF(AND(VALUE(B24)<100, D24>0),12,IF(D24>0,2,0))) -> 12 | G24: 2.75 | H24: 4.25 | I24: 63.5 | J24: 618.5 | K24: 0 | L24: =(E24+F24+G24+H24)-I24-J24-K24 -> -371 | M24: -371 | Q24: 6
B25: 55 | C25: Karlo | D25: 304 | E25: =IF(AND(VALUE(B25)<100, D25>0),D25*0.5,D25*0.25) -> 152 | F25: =IF(P25="C",Q25,IF(AND(VALUE(B25)<100, D25>0),12,IF(D25>0,2,0))) -> 12 | G25: 0 | H25: 0 | I25: 36.5 | J25: 0 | K25: 0 | L25: =(E25+F25+G25+H25)-I25-J25-K25 -> 127.5 | M25: 127 | Q25: 0
B26: 88 | C26: Hesham | E26: =IF(AND(VALUE(B26)<100, D26>0),D26*0.5,D26*0.25) -> 0 | F26: =IF(P26="C",Q26,IF(AND(VALUE(B26)<100, D26>0),12,IF(D26>0,2,0))) -> 0 | L26: =(E26+F26+G26+H26)-I26-J26-K26 -> 0
B27: 77 | C27: Khaled | D27: 372 | E27: =IF(AND(VALUE(B27)<100, D27>0),D27*0.5,D27*0.25) -> 186 | F27: =IF(P27="C",Q27,IF(AND(VALUE(B27)<100, D27>0),12,IF(D27>0,2,0))) -> 12 | G27: 5.5 | H27: 5 | I27: 81.96 | J27: 0 | K27: 0 | L27: =(E27+F27+G27+H27)-I27-J27-K27 -> 126.54 | M27: 127 | T27: 6
B28: 844 | C28: Khodr 844 | E28: =IF(AND(VALUE(B28)<100, D28>0),D28*0.5,D28*0.25) -> 0 | F28: =IF(P28="C",Q28,IF(AND(VALUE(B28)<100, D28>0),12,IF(D28>0,2,0))) -> 0 | L28: =(E28+F28+G28+H28)-I28-J28-K28 -> 0 | T28: 4
B29: 644 | C29: Muhiddin 644 | D29: 220 | E29: =IF(AND(VALUE(B29)<100, D29>0),D29*0.5,D29*0.25) -> 55 | F29: =IF(P29="C",Q29,IF(AND(VALUE(B29)<100, D29>0),12,IF(D29>0,2,0))) -> 2 | G29: 0 | H29: 3.5 | I29: 16.4 | J29: 58.69 | K29: 0 | L29: =(E29+F29+G29+H29)-I29-J29-K29 -> -14.59 | M29: -15 | Q29: 6
B30: 109 | C30: Nasser 109 | E30: =IF(AND(VALUE(B30)<100, D30>0),D30*0.5,D30*0.25) -> 0 | F30: =IF(P30="C",Q30,IF(AND(VALUE(B30)<100, D30>0),12,IF(D30>0,2,0))) -> 0 | L30: =(E30+F30+G30+H30)-I30-J30-K30 -> 0
B31: 25 | C31: Mustapha | D31: 378 | E31: =IF(AND(VALUE(B31)<100, D31>0),D31*0.5,D31*0.25) -> 189 | F31: =IF(P31="C",Q31,IF(AND(VALUE(B31)<100, D31>0),12,IF(D31>0,2,0))) -> 12 | G31: 5.5 | H31: 11.25 | I31: 148.17 | J31: 72.5 | K31: 0 | L31: =(E31+F31+G31+H31)-I31-J31-K31 -> -2.92 | M31: -3
B32: 05 | C32: Nassim | E32: =IF(AND(VALUE(B32)<100, D32>0),D32*0.5,D32*0.25) -> 0 | F32: =IF(P32="C",Q32,IF(AND(VALUE(B32)<100, D32>0),12,IF(D32>0,2,0))) -> 0 | L32: =(E32+F32+G32+H32)-I32-J32-K32 -> 0 | Q32: 6
B33: 02 | C33: Sayed | E33: =IF(AND(VALUE(B33)<100, D33>0),D33*0.5,D33*0.25) -> 0 | F33: =IF(P33="C",Q33,IF(AND(VALUE(B33)<100, D33>0),12,IF(D33>0,2,0))) -> 0 | L33: =(E33+F33+G33+H33)-I33-J33-K33 -> 0 | Q33: 6
B34: 96 | C34: Rabah | D34: 288 | E34: =IF(AND(VALUE(B34)<100, D34>0),D34*0.5,D34*0.25) -> 144 | F34: =IF(P34="C",Q34,IF(AND(VALUE(B34)<100, D34>0),12,IF(D34>0,2,0))) -> 12 | G34: 5.5 | H34: 1.5 | I34: 201.73 | J34: 13.8 | K34: 0 | L34: =(E34+F34+G34+H34)-I34-J34-K34 -> -52.53 | M34: -53
B35: 33 | C35: Rachid | D35: 340 | E35: =IF(AND(VALUE(B35)<100, D35>0),D35*0.5,D35*0.25) -> 170 | F35: =IF(P35="C",Q35,IF(AND(VALUE(B35)<100, D35>0),12,IF(D35>0,2,0))) -> 12 | G35: 0 | H35: 14 | I35: 229.27 | J35: 60 | K35: 0 | L35: =(E35+F35+G35+H35)-I35-J35-K35 -> -93.27 | M35: -93
B36: 510 | C36: Samuel 510 | E36: =IF(AND(VALUE(B36)<100, D36>0),D36*0.5,D36*0.25) -> 0 | F36: =IF(P36="C",Q36,IF(AND(VALUE(B36)<100, D36>0),12,IF(D36>0,2,0))) -> 0 | L36: =(E36+F36+G36+H36)-I36-J36-K36 -> 0
B37: 132 | C37: Samir 132 | E37: =IF(AND(VALUE(B37)<100, D37>0),D37*0.5,D37*0.25) -> 0 | F37: =IF(P37="C",Q37,IF(AND(VALUE(B37)<100, D37>0),12,IF(D37>0,2,0))) -> 0 | L37: =(E37+F37+G37+H37)-I37-J37-K37 -> 0 | P37: c
B38: 137 | C38: Osama 137 | E38: =IF(AND(VALUE(B38)<100, D38>0),D38*0.5,D38*0.25) -> 0 | F38: =IF(P38="C",Q38,IF(AND(VALUE(B38)<100, D38>0),12,IF(D38>0,2,0))) -> 0 | L38: =(E38+F38+G38+H38)-I38-J38-K38 -> 0 | Q38: 6
B39: 77 | C39: Shalaby | D39: 361 | E39: =IF(AND(VALUE(B39)<100, D39>0),D39*0.5,D39*0.25) -> 180.5 | F39: =IF(P39="C",Q39,IF(AND(VALUE(B39)<100, D39>0),12,IF(D39>0,2,0))) -> 12 | G39: 2.75 | H39: 7.75 | I39: 80.96 | J39: 150.75 | K39: 0 | L39: =(E39+F39+G39+H39)-I39-J39-K39 -> -28.71 | M39: -29 | Q39: 6
B40: 18 | C40: Spike | D40: 181 | E40: =IF(AND(VALUE(B40)<100, D40>0),D40*0.5,D40*0.25) -> 90.5 | F40: =IF(P40="C",Q40,IF(AND(VALUE(B40)<100, D40>0),12,IF(D40>0,2,0))) -> 12 | G40: 2.75 | H40: 0.75 | I40: 84.01 | J40: 8.05 | K40: 0 | L40: =(E40+F40+G40+H40)-I40-J40-K40 -> 13.94 | M40: 14
B41: 169 | C41: Tariq 169 | E41: =IF(AND(VALUE(B41)<100, D41>0),D41*0.5,D41*0.25) -> 0 | F41: =IF(P41="C",Q41,IF(AND(VALUE(B41)<100, D41>0),12,IF(D41>0,2,0))) -> 0 | L41: =(E41+F41+G41+H41)-I41-J41-K41 -> 0
B42: 610 | C42: Rizwan 610 | E42: =IF(AND(VALUE(B42)<100, D42>0),D42*0.5,D42*0.25) -> 0 | F42: =IF(P42="C",Q42,IF(AND(VALUE(B42)<100, D42>0),12,IF(D42>0,2,0))) -> 0 | L42: =(E42+F42+G42+H42)-I42-J42-K42 -> 0
B43: 27 | C43: Willy | D43: 312 | E43: =IF(AND(VALUE(B43)<100, D43>0),D43*0.5,D43*0.25) -> 156 | F43: =IF(P43="C",Q43,IF(AND(VALUE(B43)<100, D43>0),12,IF(D43>0,2,0))) -> 12 | G43: 5.5 | H43: 4.25 | I43: 236.63 | J43: 0 | K43: 0 | L43: =(E43+F43+G43+H43)-I43-J43-K43 -> -58.88 | M43: -59
B44: 96 | C44: Ragueb | D44: 349 | E44: =IF(AND(VALUE(B44)<100, D44>0),D44*0.5,D44*0.25) -> 174.5 | F44: =IF(P44="C",Q44,IF(AND(VALUE(B44)<100, D44>0),12,IF(D44>0,2,0))) -> 12 | G44: 2.75 | H44: 14 | I44: 228.21 | J44: 86.5 | K44: 0 | L44: =(E44+F44+G44+H44)-I44-J44-K44 -> -111.46 | M44: -111
B45: 15 | C45: Yousef | D45: 255 | E45: =IF(AND(VALUE(B45)<100, D45>0),D45*0.5,D45*0.25) -> 127.5 | F45: =IF(P45="C",Q45,IF(AND(VALUE(B45)<100, D45>0),12,IF(D45>0,2,0))) -> 12 | G45: 0 | H45: 7 | I45: 0 | J45: 0 | K45: 0 | L45: =(E45+F45+G45+H45)-I45-J45-K45 -> 146.5 | M45: 147 | Q45: 6
B46: 99 | C46: Rushdi | E46: =IF(AND(VALUE(B46)<100, D46>0),D46*0.5,D46*0.25) -> 0 | F46: =IF(P46="C",Q46,IF(AND(VALUE(B46)<100, D46>0),12,IF(D46>0,2,0))) -> 0 | L46: =(E46+F46+G46+H46)-I46-J46-K46 -> 0
E47: =IF(AND(VALUE(B47)<100, D47>0),D47*0.5,D47*0.25) -> 0 | F47: =IF(P47="C",Q47,IF(AND(VALUE(B47)<100, D47>0),12,IF(D47>0,2,0))) -> 0 | L47: =(E47+F47+G47+H47)-I47-J47-K47 -> 0 | Q47: 6
D48: =SUM(D4:D47) -> 8099.25 | E48: =SUM(E4:E47) -> 3662.125 | F48: =SUM(F4:F47) -> 254 | G48: =SUM(G4:G47) -> 57.75 | H48: =SUM(H4:H47) -> 148.5 | I48: =SUM(I4:I47) -> 2719.28 | J48: =SUM(J4:J47) -> 1962.12 | K48: =SUM(K4:K47) -> 0 | ... N48: =SUM(N4:N47) -> -73

Sheet Thurs PM
A1: Date | B1: ='Mon AM'!B1+3 -> 46121 | D1: Shift | E1: PM
B3: Car | C3: Driver | D3: Book | E3: Comm | F3: Radio | G3: NYC CF | H3: PA Fee | I3: CC | J3: DB | K3: Misc | L3: NTD | M3: Cash in/out | N3: Driver Short | O3: Notes
B4: 138 | C4: Akram 138 | E4: =IF(AND(VALUE(B4)<100, D4>0),D4*0.5,D4*0.25) -> 0 | F4: =IF(P4="C",Q4,IF(AND(VALUE(B4)<100, D4>0),12,IF(D4>0,2,0))) -> 0 | L4: =(E4+F4+G4+H4)-I4-J4-K4 -> 0 | P4: c | Q4: 0 | R4: Total Book | S4: =D48 -> 2955
B5: 667 | C5: Abid 667 | E5: =IF(AND(VALUE(B5)<100, D5>0),D5*0.5,D5*0.25) -> 0 | F5: =IF(P5="C",Q5,IF(AND(VALUE(B5)<100, D5>0),12,IF(D5>0,2,0))) -> 0 | L5: =(E5+F5+G5+H5)-I5-J5-K5 -> 0 | Q5: 6 | R5: Comp Comm | S5: =E48 -> 1343.75
B6: 11 | C6: Alhassan | D6: 284 | E6: =IF(AND(VALUE(B6)<100, D6>0),D6*0.5,D6*0.25) -> 142 | F6: =IF(P6="C",Q6,IF(AND(VALUE(B6)<100, D6>0),12,IF(D6>0,2,0))) -> 12 | G6: 0 | H6: 7 | I6: 167 | J6: 0 | K6: 0 | L6: =(E6+F6+G6+H6)-I6-J6-K6 -> -6 | M6: -6 | Q6: 0 | R6: Radio | S6: =F48 -> 110
B7: 70 | C7: Bouchenine | E7: =IF(AND(VALUE(B7)<100, D7>0),D7*0.5,D7*0.25) -> 0 | F7: =IF(P7="C",Q7,IF(AND(VALUE(B7)<100, D7>0),12,IF(D7>0,2,0))) -> 0 | L7: =(E7+F7+G7+H7)-I7-J7-K7 -> 0 | Q7: 6 | R7: NYC CF | S7: =G48 -> 19.25
B8: 210 | C8: Boumadian | D8: 44 | E8: =IF(AND(VALUE(B8)<100, D8>0),D8*0.5,D8*0.25) -> 11 | F8: =IF(P8="C",Q8,IF(AND(VALUE(B8)<100, D8>0),12,IF(D8>0,2,0))) -> 2 | G8: 0 | H8: 0 | I8: 13 | J8: 0 | K8: 0 | L8: =(E8+F8+G8+H8)-I8-J8-K8 -> 0 | M8: 0 | Q8: 0 | R8: PA Fee | S8: =H48 -> 41.5
B9: 012 | C9: Hamed | D9: 189 | E9: =IF(AND(VALUE(B9)<100, D9>0),D9*0.5,D9*0.25) -> 94.5 | F9: =IF(P9="C",Q9,IF(AND(VALUE(B9)<100, D9>0),12,IF(D9>0,2,0))) -> 6 | G9: 2.75 | H9: 3.5 | I9: 113.67 | J9: 0 | K9: 0 | L9: =(E9+F9+G9+H9)-I9-J9-K9 -> -6.92 | M9: -7 | N9: -7 | O9: Deducted $7 for 4/7 | P9: c | Q9: 6 | R9: CC | S9: =I48 -> 1030.44
B10: 44 | C10: Cono | E10: =IF(AND(VALUE(B10)<100, D10>0),D10*0.5,D10*0.25) -> 0 | F10: =IF(P10="C",Q10,IF(AND(VALUE(B10)<100, D10>0),12,IF(D10>0,2,0))) -> 0 | L10: =(E10+F10+G10+H10)-I10-J10-K10 -> 0 | Q10: 6 | R10: DB | S10: =J48 -> 366.07
B11: 15 | C11: Hamdy | D11: 180 | E11: =IF(AND(VALUE(B11)<100, D11>0),D11*0.5,D11*0.25) -> 90 | F11: =IF(P11="C",Q11,IF(AND(VALUE(B11)<100, D11>0),12,IF(D11>0,2,0))) -> 12 | G11: 0 | H11: 0 | I11: 7 | J11: 0 | K11: 0 | L11: =(E11+F11+G11+H11)-I11-J11-K11 -> 95 | M11: 0 | N11: 95 | Q11: 6 | R11: Misc | S11: =K48 -> 0
B12: 15 | C12: Divakar | D12: 180 | E12: =IF(AND(VALUE(B12)<100, D12>0),D12*0.5,D12*0.25) -> 90 | F12: =IF(P12="C",Q12,IF(AND(VALUE(B12)<100, D12>0),12,IF(D12>0,2,0))) -> 12 | G12: 2.75 | H12: 0 | I12: 9 | J12: 9.2 | K12: 0 | L12: =(E12+F12+G12+H12)-I12-J12-K12 -> 86.55 | M12: 87 | R12: Driver Short | S12: =N48 -> 92
B13: 012 | C13: Hosari | D13: 271 | E13: =IF(AND(VALUE(B13)<100, D13>0),D13*0.5,D13*0.25) -> 135.5 | F13: =IF(P13="C",Q13,IF(AND(VALUE(B13)<100, D13>0),12,IF(D13>0,2,0))) -> 12 | G13: 5.5 | H13: 0.75 | I13: 80.21 | J13: 83.92 | K13: 0 | L13: =(E13+F13+G13+H13)-I13-J13-K13 -> -10.38 | M13: -10 | Q13: 0 | S13: =S5+S6+S7-S9-S10-S11-S12 -> -15.51
B14: 80 | C14: Elia | E14: =IF(AND(VALUE(B14)<100, D14>0),D14*0.5,D14*0.25) -> 0 | F14: =IF(P14="C",Q14,IF(AND(VALUE(B14)<100, D14>0),12,IF(D14>0,2,0))) -> 0 | L14: =(E14+F14+G14+H14)-I14-J14-K14 -> 0 | Q14: 6 | R14: Cash | S14: =M48 -> 20
B15: 11 | C15: Hassan | E15: =IF(AND(VALUE(B15)<100, D15>0),D15*0.5,D15*0.25) -> 0 | F15: =IF(P15="C",Q15,IF(AND(VALUE(B15)<100, D15>0),12,IF(D15>0,2,0))) -> 0 | L15: =(E15+F15+G15+H15)-I15-J15-K15 -> 0
B16: 15 | C16: Johnny 120 | E16: =IF(AND(VALUE(B16)<100, D16>0),D16*0.5,D16*0.25) -> 0 | F16: =IF(P16="C",Q16,IF(AND(VALUE(B16)<100, D16>0),12,IF(D16>0,2,0))) -> 0 | L16: =(E16+F16+G16+H16)-I16-J16-K16 -> 0 | Q16: 6
B17: 02 | C17: Kuhali | E17: =IF(AND(VALUE(B17)<100, D17>0),D17*0.5,D17*0.25) -> 0 | F17: =IF(P17="C",Q17,IF(AND(VALUE(B17)<100, D17>0),12,IF(D17>0,2,0))) -> 0 | L17: =(E17+F17+G17+H17)-I17-J17-K17 -> 0 | Q17: 6
B18: 55 | C18: Maroc | E18: =IF(AND(VALUE(B18)<100, D18>0),D18*0.5,D18*0.25) -> 0 | F18: =IF(P18="C",Q18,IF(AND(VALUE(B18)<100, D18>0),12,IF(D18>0,2,0))) -> 0 | L18: =(E18+F18+G18+H18)-I18-J18-K18 -> 0 | R18: House Cars | S18: {=SUMPRODUCT((VALUE(B4:B47)<100)*(D4:D47>0))} -> 9
B19: 18 | C19: Mourad | E19: =IF(AND(VALUE(B19)<100, D19>0),D19*0.5,D19*0.25) -> 0 | F19: =IF(P19="C",Q19,IF(AND(VALUE(B19)<100, D19>0),12,IF(D19>0,2,0))) -> 0 | L19: =(E19+F19+G19+H19)-I19-J19-K19 -> 0 | Q19: 6 | R19: Private Cars | S19: {=SUMPRODUCT((VALUE(B4:B47)>100)*(D4:D47>0))} -> 5
B20: 06 | C20: Peter | D20: 276 | E20: =IF(AND(VALUE(B20)<100, D20>0),D20*0.5,D20*0.25) -> 138 | F20: =IF(P20="C",Q20,IF(AND(VALUE(B20)<100, D20>0),12,IF(D20>0,2,0))) -> 12 | G20: 5.5 | H20: 1.5 | I20: 137.06 | J20: 79 | K20: 0 | L20: =(E20+F20+G20+H20)-I20-J20-K20 -> -59.06 | M20: -59 | R20: Total | S20: =S18+S19 -> 14
B21: 400 | C21: Mriouah 400 | E21: =IF(AND(VALUE(B21)<100, D21>0),D21*0.5,D21*0.25) -> 0 | F21: =IF(P21="C",Q21,IF(AND(VALUE(B21)<100, D21>0),12,IF(D21>0,2,0))) -> 0 | L21: =(E21+F21+G21+H21)-I21-J21-K21 -> 0 | Q21: 0
B22: 44 | C22: Madjid | E22: =IF(AND(VALUE(B22)<100, D22>0),D22*0.5,D22*0.25) -> 0 | F22: =IF(P22="C",Q22,IF(AND(VALUE(B22)<100, D22>0),12,IF(D22>0,2,0))) -> 0 | L22: =(E22+F22+G22+H22)-I22-J22-K22 -> 0 | Q22: 6
B23: 05 | C23: Soufiane | D23: 491 | E23: =IF(AND(VALUE(B23)<100, D23>0),D23*0.5,D23*0.25) -> 245.5 | F23: =IF(P23="C",Q23,IF(AND(VALUE(B23)<100, D23>0),12,IF(D23>0,2,0))) -> 12 | G23: 0 | H23: 17.5 | I23: 288.5 | J23: 57.5 | K23: 0 | L23: =(E23+F23+G23+H23)-I23-J23-K23 -> -71 | M23: -71 | Q23: 6
B24: 012 | C24: Tanios | E24: =IF(AND(VALUE(B24)<100, D24>0),D24*0.5,D24*0.25) -> 0 | F24: =IF(P24="C",Q24,IF(AND(VALUE(B24)<100, D24>0),12,IF(D24>0,2,0))) -> 0 | L24: =(E24+F24+G24+H24)-I24-J24-K24 -> 0
B25: 33 | C25: Zaki | D25: 280 | E25: =IF(AND(VALUE(B25)<100, D25>0),D25*0.5,D25*0.25) -> 140 | F25: =IF(P25="C",Q25,IF(AND(VALUE(B25)<100, D25>0),12,IF(D25>0,2,0))) -> 12 | G25: 2.75 | H25: 4.25 | I25: 58.5 | J25: 10 | K25: 0 | L25: =(E25+F25+G25+H25)-I25-J25-K25 -> 90.5 | M25: 91 | Q25: 6
B26: 05 | C26: Nofal | E26: =IF(AND(VALUE(B26)<100, D26>0),D26*0.5,D26*0.25) -> 0 | F26: =IF(P26="C",Q26,IF(AND(VALUE(B26)<100, D26>0),12,IF(D26>0,2,0))) -> 0 | L26: =(E26+F26+G26+H26)-I26-J26-K26 -> 0 | Q26: 6
B27: 15 | C27: Smail | D27: 269 | E27: =IF(AND(VALUE(B27)<100, D27>0),D27*0.5,D27*0.25) -> 134.5 | F27: =IF(P27="C",Q27,IF(AND(VALUE(B27)<100, D27>0),12,IF(D27>0,2,0))) -> 12 | G27: 0 | H27: 3.5 | I27: 60 | J27: 23 | K27: 0 | L27: =(E27+F27+G27+H27)-I27-J27-K27 -> 67 | M27: 67 | N27: 0 | Q27: 6
B28: 445 | C28: Sadiki 445 | D28: 20 | E28: =IF(AND(VALUE(B28)<100, D28>0),D28*0.5,D28*0.25) -> 5 | F28: =IF(P28="C",Q28,IF(AND(VALUE(B28)<100, D28>0),12,IF(D28>0,2,0))) -> 0 | G28: 0 | H28: 0 | I28: 0 | J28: 0 | K28: 0 | L28: =(E28+F28+G28+H28)-I28-J28-K28 -> 5 | M28: 5 | N28: 0 | P28: c | Q28: 0 | T28: 1
B29: 411 | C29: Etiennne 411 | E29: =IF(AND(VALUE(B29)<100, D29>0),D29*0.5,D29*0.25) -> 0 | F29: =IF(P29="C",Q29,IF(AND(VALUE(B29)<100, D29>0),12,IF(D29>0,2,0))) -> 0 | L29: =(E29+F29+G29+H29)-I29-J29-K29 -> 0 | T29: 1
B30: 277 | C30: Nasser 277 | D30: 102 | E30: =IF(AND(VALUE(B30)<100, D30>0),D30*0.5,D30*0.25) -> 25.5 | F30: =IF(P30="C",Q30,IF(AND(VALUE(B30)<100, D30>0),12,IF(D30>0,2,0))) -> 2 | G30: 0 | H30: 0 | I30: 23 | J30: 0 | K30: 0 | L30: =(E30+F30+G30+H30)-I30-J30-K30 -> 4.5 | M30: 0 | N30: 4
B31: 44 | C31: Reda | E31: =IF(AND(VALUE(B31)<100, D31>0),D31*0.5,D31*0.25) -> 0 | F31: =IF(P31="C",Q31,IF(AND(VALUE(B31)<100, D31>0),12,IF(D31>0,2,0))) -> 0 | L31: =(E31+F31+G31+H31)-I31-J31-K31 -> 0 | P31: c
B32: 95 | C32: Sayah | E32: =IF(AND(VALUE(B32)<100, D32>0),D32*0.5,D32*0.25) -> 0 | F32: =IF(P32="C",Q32,IF(AND(VALUE(B32)<100, D32>0),12,IF(D32>0,2,0))) -> 0 | L32: =(E32+F32+G32+H32)-I32-J32-K32 -> 0 | P32: c
B33: 77 | C33: Shousha | E33: =IF(AND(VALUE(B33)<100, D33>0),D33*0.5,D33*0.25) -> 0 | F33: =IF(P33="C",Q33,IF(AND(VALUE(B33)<100, D33>0),12,IF(D33>0,2,0))) -> 0 | L33: =(E33+F33+G33+H33)-I33-J33-K33 -> 0
B34: 662 | C34: Aly 662 | D34: 73 | E34: =IF(AND(VALUE(B34)<100, D34>0),D34*0.5,D34*0.25) -> 18.25 | F34: =IF(P34="C",Q34,IF(AND(VALUE(B34)<100, D34>0),12,IF(D34>0,2,0))) -> 2 | G34: 0 | H34: 0 | I34: 0 | J34: 19.5 | K34: 0 | L34: =(E34+F34+G34+H34)-I34-J34-K34 -> 0.75 | M34: 1 | N34: 0
B35: 507 | C35: Mukhtar 507 | E35: =IF(AND(VALUE(B35)<100, D35>0),D35*0.5,D35*0.25) -> 0 | F35: =IF(P35="C",Q35,IF(AND(VALUE(B35)<100, D35>0),12,IF(D35>0,2,0))) -> 0 | L35: =(E35+F35+G35+H35)-I35-J35-K35 -> 0
B36: 434 | C36: Radwan 434 | D36: 296 | E36: =IF(AND(VALUE(B36)<100, D36>0),D36*0.5,D36*0.25) -> 74 | F36: =IF(P36="C",Q36,IF(AND(VALUE(B36)<100, D36>0),12,IF(D36>0,2,0))) -> 2 | G36: 0 | H36: 3.5 | I36: 73.5 | J36: 83.95 | K36: 0 | L36: =(E36+F36+G36+H36)-I36-J36-K36 -> -77.95 | M36: -78
B37: 139 | C37: Yehia 139 | E37: =IF(AND(VALUE(B37)<100, D37>0),D37*0.5,D37*0.25) -> 0 | F37: =IF(P37="C",Q37,IF(AND(VALUE(B37)<100, D37>0),12,IF(D37>0,2,0))) -> 0 | L37: =(E37+F37+G37+H37)-I37-J37-K37 -> 0 | P37: c
B38: 326 | C38: Obaydou 326 | E38: =IF(AND(VALUE(B38)<100, D38>0),D38*0.5,D38*0.25) -> 0 | F38: =IF(P38="C",Q38,IF(AND(VALUE(B38)<100, D38>0),12,IF(D38>0,2,0))) -> 0 | L38: =(E38+F38+G38+H38)-I38-J38-K38 -> 0
B39: 15 | C39: Rushdi | E39: =IF(AND(VALUE(B39)<100, D39>0),D39*0.5,D39*0.25) -> 0 | F39: =IF(P39="C",Q39,IF(AND(VALUE(B39)<100, D39>0),12,IF(D39>0,2,0))) -> 0 | L39: =(E39+F39+G39+H39)-I39-J39-K39 -> 0
E40: =IF(AND(VALUE(B40)<100, D40>0),D40*0.5,D40*0.25) -> 0 | F40: =IF(P40="C",Q40,IF(AND(VALUE(B40)<100, D40>0),12,IF(D40>0,2,0))) -> 0 | L40: =(E40+F40+G40+H40)-I40-J40-K40 -> 0
E41: =IF(AND(VALUE(B41)<100, D41>0),D41*0.5,D41*0.25) -> 0 | F41: =IF(P41="C",Q41,IF(AND(VALUE(B41)<100, D41>0),12,IF(D41>0,2,0))) -> 0 | L41: =(E41+F41+G41+H41)-I41-J41-K41 -> 0
E42: =IF(AND(VALUE(B42)<100, D42>0),D42*0.5,D42*0.25) -> 0 | F42: =IF(P42="C",Q42,IF(AND(VALUE(B42)<100, D42>0),12,IF(D42>0,2,0))) -> 0 | L42: =(E42+F42+G42+H42)-I42-J42-K42 -> 0
E43: =IF(AND(VALUE(B43)<100, D43>0),D43*0.5,D43*0.25) -> 0 | F43: =IF(P43="C",Q43,IF(AND(VALUE(B43)<100, D43>0),12,IF(D43>0,2,0))) -> 0 | L43: =(E43+F43+G43+H43)-I43-J43-K43 -> 0
E44: =IF(AND(VALUE(B44)<100, D44>0),D44*0.5,D44*0.25) -> 0 | F44: =IF(P44="C",Q44,IF(AND(VALUE(B44)<100, D44>0),12,IF(D44>0,2,0))) -> 0 | L44: =(E44+F44+G44+H44)-I44-J44-K44 -> 0
E45: =IF(AND(VALUE(B45)<100, D45>0),D45*0.5,D45*0.25) -> 0 | F45: =IF(P45="C",Q45,IF(AND(VALUE(B45)<100, D45>0),12,IF(D45>0,2,0))) -> 0 | L45: =(E45+F45+G45+H45)-I45-J45-K45 -> 0
E46: =IF(AND(VALUE(B46)<100, D46>0),D46*0.5,D46*0.25) -> 0 | F46: =IF(P46="C",Q46,IF(AND(VALUE(B46)<100, D46>0),12,IF(D46>0,2,0))) -> 0 | L46: =(E46+F46+G46+H46)-I46-J46-K46 -> 0
E47: =IF(AND(VALUE(B47)<100, D47>0),D47*0.5,D47*0.25) -> 0 | F47: =IF(P47="C",Q47,IF(AND(VALUE(B47)<100, D47>0),12,IF(D47>0,2,0))) -> 0 | L47: =(E47+F47+G47+H47)-I47-J47-K47 -> 0
D48: =SUM(D4:D47) -> 2955 | E48: =SUM(E4:E47) -> 1343.75 | F48: =SUM(F4:F47) -> 110 | G48: =SUM(G4:G47) -> 19.25 | H48: =SUM(H4:H47) -> 41.5 | I48: =SUM(I4:I47) -> 1030.44 | J48: =SUM(J4:J47) -> 366.07 | K48: =SUM(K4:K47) -> 0 | ... N48: =SUM(N4:N47) -> 92

Sheet Fri AM
A1: Date | B1: ='Mon AM'!B1+4 -> 46122 | D1: Shift | E1: AM
B3: Car | C3: Driver | D3: Book | E3: Comm | F3: Radio | G3: NYC CF | H3: PA Fee | I3: CC | J3: DB | K3: Misc | L3: NTD | M3: Cash in/out | N3: Driver Short | O3: Notes
B4: 70 | C4: Alan C | D4: 251 | E4: =IF(AND(VALUE(B4)<100, D4>0),D4*0.5,D4*0.25) -> 125.5 | F4: =IF(P4="C",Q4,IF(AND(VALUE(B4)<100, D4>0),12,IF(D4>0,2,0))) -> 12 | G4: 2.75 | H4: 4.25 | I4: 20 | J4: 76.96 | K4: 0 | L4: =(E4+F4+G4+H4)-I4-J4-K4 -> 47.54 | M4: 48 | N4: 0 | R4: Total Book | S4: =D48 -> 6131.5
B5: 20 | C5: Hammad 125 | D5: 272 | E5: =IF(AND(VALUE(B5)<100, D5>0),D5*0.5,D5*0.25) -> 136 | F5: =IF(P5="C",Q5,IF(AND(VALUE(B5)<100, D5>0),12,IF(D5>0,2,0))) -> 12 | G5: 0 | H5: 7 | I5: 178.9 | J5: 20.7 | K5: 0 | L5: =(E5+F5+G5+H5)-I5-J5-K5 -> -44.6 | M5: -45 | R5: Comp Comm | S5: =E48 -> 2825.5
B6: 114 | C6: Ash 114 | D6: 32 | E6: =IF(AND(VALUE(B6)<100, D6>0),D6*0.5,D6*0.25) -> 8 | F6: =IF(P6="C",Q6,IF(AND(VALUE(B6)<100, D6>0),12,IF(D6>0,2,0))) -> 2 | G6: 0 | H6: 0 | I6: 0 | J6: 0 | K6: 0 | L6: =(E6+F6+G6+H6)-I6-J6-K6 -> 10 | M6: 10 | Q6: 6 | R6: Radio | S6: =F48 -> 254
B7: 326 | C7: Obaydou 326 | D7: 245 | E7: =IF(AND(VALUE(B7)<100, D7>0),D7*0.5,D7*0.25) -> 61.25 | F7: =IF(P7="C",Q7,IF(AND(VALUE(B7)<100, D7>0),12,IF(D7>0,2,0))) -> 2 | G7: 0 | H7: 3.5 | I7: 63.5 | J7: 37.95 | K7: 0 | L7: =(E7+F7+G7+H7)-I7-J7-K7 -> -34.7 | M7: -35 | Q7: 6 | R7: NYC CF | S7: =G48 -> 46.75
B8: 33 | C8: Adnan | D8: 273 | E8: =IF(AND(VALUE(B8)<100, D8>0),D8*0.5,D8*0.25) -> 136.5 | F8: =IF(P8="C",Q8,IF(AND(VALUE(B8)<100, D8>0),12,IF(D8>0,2,0))) -> 12 | G8: 0 | H8: 3.5 | I8: 6 | J8: 59.75 | K8: 0 | L8: =(E8+F8+G8+H8)-I8-J8-K8 -> 86.25 | M8: 86 | Q8: 6 | R8: PA Fee | S8: =H48 -> 65.75
B9: 155 | C9: Abed 155 | E9: =IF(AND(VALUE(B9)<100, D9>0),D9*0.5,D9*0.25) -> 0 | F9: =IF(P9="C",Q9,IF(AND(VALUE(B9)<100, D9>0),12,IF(D9>0,2,0))) -> 0 | L9: =(E9+F9+G9+H9)-I9-J9-K9 -> 0 | Q9: 6 | R9: CC | S9: =I48 -> 2079.69
B10: 02 | C10: Alvis | D10: 237 | E10: =IF(AND(VALUE(B10)<100, D10>0),D10*0.5,D10*0.25) -> 118.5 | F10: =IF(P10="C",Q10,IF(AND(VALUE(B10)<100, D10>0),12,IF(D10>0,2,0))) -> 12 | G10: 2.75 | H10: 7.75 | I10: 90.5 | J10: 78.46 | K10: 0 | L10: =(E10+F10+G10+H10)-I10-J10-K10 -> -27.96 | M10: -28 | R10: DB | S10: =J48 -> 747.99
B11: 133 | C11: Bobby 133 | D11: 187 | E11: =IF(AND(VALUE(B11)<100, D11>0),D11*0.5,D11*0.25) -> 46.75 | F11: =IF(P11="C",Q11,IF(AND(VALUE(B11)<100, D11>0),12,IF(D11>0,2,0))) -> 2 | G11: 0 | H11: 0 | I11: 33.6 | J11: 0 | K11: 0 | L11: =(E11+F11+G11+H11)-I11-J11-K11 -> 15.15 | M11: 15 | R11: Misc | S11: =K48 -> 75
B12: 176 | C12: Djilali 176 | D12: 36 | E12: =IF(AND(VALUE(B12)<100, D12>0),D12*0.5,D12*0.25) -> 9 | F12: =IF(P12="C",Q12,IF(AND(VALUE(B12)<100, D12>0),12,IF(D12>0,2,0))) -> 2 | G12: 0 | H12: 0 | I12: 49.92 | J12: 0 | K12: 0 | L12: =(E12+F12+G12+H12)-I12-J12-K12 -> -38.92 | M12: -39 | Q12: 6 | R12: Driver Short | S12: =N48 -> 0
B13: 454 | C13: Agha 454 | D13: 77 | E13: =IF(AND(VALUE(B13)<100, D13>0),D13*0.5,D13*0.25) -> 19.25 | F13: =IF(P13="C",Q13,IF(AND(VALUE(B13)<100, D13>0),12,IF(D13>0,2,0))) -> 2 | G13: 2.75 | H13: 0.75 | I13: 0 | J13: 63.86 | K13: 0 | L13: =(E13+F13+G13+H13)-I13-J13-K13 -> -39.11 | M13: -39 | Q13: 6 | S13: =S5+S6+S7-S9-S10-S11-S12 -> 223.57
B14: 88 | C14: Ayad | D14: 186 | E14: =IF(AND(VALUE(B14)<100, D14>0),D14*0.5,D14*0.25) -> 93 | F14: =IF(P14="C",Q14,IF(AND(VALUE(B14)<100, D14>0),12,IF(D14>0,2,0))) -> 12 | G14: 0 | H14: 3.5 | I14: 144.42 | J14: 0 | K14: 0 | L14: =(E14+F14+G14+H14)-I14-J14-K14 -> -35.92 | M14: -36 | Q14: 6 | R14: Cash | S14: =M48 -> 289
B15: 96 | C15: Esmail | D15: 315 | E15: =IF(AND(VALUE(B15)<100, D15>0),D15*0.5,D15*0.25) -> 157.5 | F15: =IF(P15="C",Q15,IF(AND(VALUE(B15)<100, D15>0),12,IF(D15>0,2,0))) -> 12 | G15: 0 | H15: 7 | I15: 170 | J15: 9.2 | K15: 0 | L15: =(E15+F15+G15+H15)-I15-J15-K15 -> -2.7 | M15: -3
B16: 26 | C16: Gus | D16: 235 | E16: =IF(AND(VALUE(B16)<100, D16>0),D16*0.5,D16*0.25) -> 117.5 | F16: =IF(P16="C",Q16,IF(AND(VALUE(B16)<100, D16>0),12,IF(D16>0,2,0))) -> 12 | G16: 8.25 | H16: 0.75 | I16: 150.3 | J16: 0 | K16: 0 | L16: =(E16+F16+G16+H16)-I16-J16-K16 -> -11.8 | M16: -12 | Q16: 6
B17: 11 | C17: Hashem | E17: =IF(AND(VALUE(B17)<100, D17>0),D17*0.5,D17*0.25) -> 0 | F17: =IF(P17="C",Q17,IF(AND(VALUE(B17)<100, D17>0),12,IF(D17>0,2,0))) -> 0 | L17: =(E17+F17+G17+H17)-I17-J17-K17 -> 0 | Q17: 6
B18: 27 | C18: Hassan | E18: =IF(AND(VALUE(B18)<100, D18>0),D18*0.5,D18*0.25) -> 0 | F18: =IF(P18="C",Q18,IF(AND(VALUE(B18)<100, D18>0),12,IF(D18>0,2,0))) -> 0 | L18: =(E18+F18+G18+H18)-I18-J18-K18 -> 0 | Q18: 0 | R18: House Cars | S18: {=SUMPRODUCT((VALUE(B4:B47)<100)*(D4:D47>0))} -> 20
B19: 44 | C19: Ihab | E19: =IF(AND(VALUE(B19)<100, D19>0),D19*0.5,D19*0.25) -> 0 | F19: =IF(P19="C",Q19,IF(AND(VALUE(B19)<100, D19>0),12,IF(D19>0,2,0))) -> 0 | L19: =(E19+F19+G19+H19)-I19-J19-K19 -> 0 | Q19: 0 | R19: Private Cars | S19: {=SUMPRODUCT((VALUE(B4:B47)>100)*(D4:D47>0))} -> 7
B20: 77 | C20: Nofal | D20: 285 | E20: =IF(AND(VALUE(B20)<100, D20>0),D20*0.5,D20*0.25) -> 142.5 | F20: =IF(P20="C",Q20,IF(AND(VALUE(B20)<100, D20>0),12,IF(D20>0,2,0))) -> 12 | G20: 2.75 | H20: 4.25 | I20: 65.96 | J20: 6 | K20: 0 | L20: =(E20+F20+G20+H20)-I20-J20-K20 -> 89.54 | M20: 90 | Q20: 6 | R20: Total | S20: =S18+S19 -> 27
B21: 33 | C21: Ibrahim | E21: =IF(AND(VALUE(B21)<100, D21>0),D21*0.5,D21*0.25) -> 0 | F21: =IF(P21="C",Q21,IF(AND(VALUE(B21)<100, D21>0),12,IF(D21>0,2,0))) -> 0 | L21: =(E21+F21+G21+H21)-I21-J21-K21 -> 0 | P21: c | Q21: 0
B22: 27 | C22: Kim | D22: 199 | E22: =IF(AND(VALUE(B22)<100, D22>0),D22*0.5,D22*0.25) -> 99.5 | F22: =IF(P22="C",Q22,IF(AND(VALUE(B22)<100, D22>0),12,IF(D22>0,2,0))) -> 12 | G22: 0 | H22: 0 | I22: 30 | J22: 0 | K22: 0 | L22: =(E22+F22+G22+H22)-I22-J22-K22 -> 81.5 | M22: 81 | Q22: 6
B23: 622 | C23: Joseph 622 | D23: 230 | E23: =IF(AND(VALUE(B23)<100, D23>0),D23*0.5,D23*0.25) -> 57.5 | F23: =IF(P23="C",Q23,IF(AND(VALUE(B23)<100, D23>0),12,IF(D23>0,2,0))) -> 2 | G23: 0 | H23: 0 | I23: 29 | J23: 0 | K23: 0 | L23: =(E23+F23+G23+H23)-I23-J23-K23 -> 30.5 | M23: 31 | Q23: 6
B24: 01 | C24: Kamal | D24: 325 | E24: =IF(AND(VALUE(B24)<100, D24>0),D24*0.5,D24*0.25) -> 162.5 | F24: =IF(P24="C",Q24,IF(AND(VALUE(B24)<100, D24>0),12,IF(D24>0,2,0))) -> 12 | G24: 0 | H24: 7 | I24: 87.5 | J24: 51.75 | K24: 0 | L24: =(E24+F24+G24+H24)-I24-J24-K24 -> 42.25 | M24: 43 | Q24: 0
B25: 55 | C25: Karlo | D25: 272 | E25: =IF(AND(VALUE(B25)<100, D25>0),D25*0.5,D25*0.25) -> 136 | F25: =IF(P25="C",Q25,IF(AND(VALUE(B25)<100, D25>0),12,IF(D25>0,2,0))) -> 12 | G25: 0 | H25: 0 | I25: 37 | J25: 103.5 | K25: 0 | L25: =(E25+F25+G25+H25)-I25-J25-K25 -> 7.5 | M25: 7 | Q25: 0
B26: 88 | C26: Kattr | E26: =IF(AND(VALUE(B26)<100, D26>0),D26*0.5,D26*0.25) -> 0 | F26: =IF(P26="C",Q26,IF(AND(VALUE(B26)<100, D26>0),12,IF(D26>0,2,0))) -> 0 | L26: =(E26+F26+G26+H26)-I26-J26-K26 -> 0
B27: 77 | C27: Khaled | D27: 288 | E27: =IF(AND(VALUE(B27)<100, D27>0),D27*0.5,D27*0.25) -> 144 | F27: =IF(P27="C",Q27,IF(AND(VALUE(B27)<100, D27>0),12,IF(D27>0,2,0))) -> 12 | G27: 2.75 | H27: 4.25 | I27: 213.21 | J27: 92 | K27: 0 | L27: =(E27+F27+G27+H27)-I27-J27-K27 -> -142.21 | M27: -142 | T27: 6
B28: 844 | C28: Khodr 844 | E28: =IF(AND(VALUE(B28)<100, D28>0),D28*0.5,D28*0.25) -> 0 | F28: =IF(P28="C",Q28,IF(AND(VALUE(B28)<100, D28>0),12,IF(D28>0,2,0))) -> 0 | L28: =(E28+F28+G28+H28)-I28-J28-K28 -> 0 | T28: 4
B29: 644 | C29: Muhiddin 644 | D29: 154 | E29: =IF(AND(VALUE(B29)<100, D29>0),D29*0.5,D29*0.25) -> 38.5 | F29: =IF(P29="C",Q29,IF(AND(VALUE(B29)<100, D29>0),12,IF(D29>0,2,0))) -> 2 | G29: 2.75 | H29: 0.75 | I29: 61.56 | J29: 0 | K29: 0 | L29: =(E29+F29+G29+H29)-I29-J29-K29 -> -17.56 | M29: -18 | Q29: 6
B30: 109 | C30: Nasser 109 | E30: =IF(AND(VALUE(B30)<100, D30>0),D30*0.5,D30*0.25) -> 0 | F30: =IF(P30="C",Q30,IF(AND(VALUE(B30)<100, D30>0),12,IF(D30>0,2,0))) -> 0 | L30: =(E30+F30+G30+H30)-I30-J30-K30 -> 0 | Q30: 6
B31: 25 | C31: Mustapha | D31: 372 | E31: =IF(AND(VALUE(B31)<100, D31>0),D31*0.5,D31*0.25) -> 186 | F31: =IF(P31="C",Q31,IF(AND(VALUE(B31)<100, D31>0),12,IF(D31>0,2,0))) -> 12 | G31: 2.75 | H31: 0.75 | I31: 35.75 | J31: 64.66 | K31: 0 | L31: =(E31+F31+G31+H31)-I31-J31-K31 -> 101.09 | M31: 101
B32: 05 | C32: Nassim | E32: =IF(AND(VALUE(B32)<100, D32>0),D32*0.5,D32*0.25) -> 0 | F32: =IF(P32="C",Q32,IF(AND(VALUE(B32)<100, D32>0),12,IF(D32>0,2,0))) -> 0 | L32: =(E32+F32+G32+H32)-I32-J32-K32 -> 0 | Q32: 6
B33: 02 | C33: Sayed | E33: =IF(AND(VALUE(B33)<100, D33>0),D33*0.5,D33*0.25) -> 0 | F33: =IF(P33="C",Q33,IF(AND(VALUE(B33)<100, D33>0),12,IF(D33>0,2,0))) -> 0 | L33: =(E33+F33+G33+H33)-I33-J33-K33 -> 0
B34: 96 | C34: Rabah | D34: 225 | E34: =IF(AND(VALUE(B34)<100, D34>0),D34*0.5,D34*0.25) -> 112.5 | F34: =IF(P34="C",Q34,IF(AND(VALUE(B34)<100, D34>0),12,IF(D34>0,2,0))) -> 12 | G34: 2.75 | H34: 0 | I34: 27.4 | J34: 0 | K34: 0 | L34: =(E34+F34+G34+H34)-I34-J34-K34 -> 99.85 | M34: 100 | Q34: 6
B35: 33 | C35: Rachid | D35: 304 | E35: =IF(AND(VALUE(B35)<100, D35>0),D35*0.5,D35*0.25) -> 152 | F35: =IF(P35="C",Q35,IF(AND(VALUE(B35)<100, D35>0),12,IF(D35>0,2,0))) -> 12 | G35: 0 | H35: 7 | I35: 38 | J35: 68 | K35: 0 | L35: =(E35+F35+G35+H35)-I35-J35-K35 -> 65 | M35: 65 | N35: 0 | Q35: 6
B36: 510 | C36: Samuel 510 | E36: =IF(AND(VALUE(B36)<100, D36>0),D36*0.5,D36*0.25) -> 0 | F36: =IF(P36="C",Q36,IF(AND(VALUE(B36)<100, D36>0),12,IF(D36>0,2,0))) -> 0 | L36: =(E36+F36+G36+H36)-I36-J36-K36 -> 0
B37: 132 | C37: Samir 132 | E37: =IF(AND(VALUE(B37)<100, D37>0),D37*0.5,D37*0.25) -> 0 | F37: =IF(P37="C",Q37,IF(AND(VALUE(B37)<100, D37>0),12,IF(D37>0,2,0))) -> 0 | L37: =(E37+F37+G37+H37)-I37-J37-K37 -> 0 | P37: c
B38: 137 | C38: Osama 137 | E38: =IF(AND(VALUE(B38)<100, D38>0),D38*0.5,D38*0.25) -> 0 | F38: =IF(P38="C",Q38,IF(AND(VALUE(B38)<100, D38>0),12,IF(D38>0,2,0))) -> 0 | L38: =(E38+F38+G38+H38)-I38-J38-K38 -> 0 | Q38: 6
B39: 11 | C39: Shalaby | D39: 320 | E39: =IF(AND(VALUE(B39)<100, D39>0),D39*0.5,D39*0.25) -> 160 | F39: =IF(P39="C",Q39,IF(AND(VALUE(B39)<100, D39>0),12,IF(D39>0,2,0))) -> 12 | G39: 5.5 | H39: 1.5 | I39: 183.76 | J39: 6 | K39: 0 | L39: =(E39+F39+G39+H39)-I39-J39-K39 -> -10.76 | M39: -11 | Q39: 6
B40: 18 | C40: Spike | D40: 206 | E40: =IF(AND(VALUE(B40)<100, D40>0),D40*0.5,D40*0.25) -> 103 | F40: =IF(P40="C",Q40,IF(AND(VALUE(B40)<100, D40>0),12,IF(D40>0,2,0))) -> 12 | G40: 2.75 | H40: 0.75 | I40: 35.6 | J40: 0 | K40: 0 | L40: =(E40+F40+G40+H40)-I40-J40-K40 -> 82.9 | M40: 83 | N40: 0
B41: 169 | C41: Tariq 169 | E41: =IF(AND(VALUE(B41)<100, D41>0),D41*0.5,D41*0.25) -> 0 | F41: =IF(P41="C",Q41,IF(AND(VALUE(B41)<100, D41>0),12,IF(D41>0,2,0))) -> 0 | L41: =(E41+F41+G41+H41)-I41-J41-K41 -> 0
B42: 610 | C42: Rizwan 610 | E42: =IF(AND(VALUE(B42)<100, D42>0),D42*0.5,D42*0.25) -> 0 | F42: =IF(P42="C",Q42,IF(AND(VALUE(B42)<100, D42>0),12,IF(D42>0,2,0))) -> 0 | L42: =(E42+F42+G42+H42)-I42-J42-K42 -> 0
B43: 27 | C43: Willy | D43: 244.5 | E43: =IF(AND(VALUE(B43)<100, D43>0),D43*0.5,D43*0.25) -> 122.25 | F43: =IF(P43="C",Q43,IF(AND(VALUE(B43)<100, D43>0),12,IF(D43>0,2,0))) -> 12 | G43: 2.75 | H43: 0.75 | I43: 221.46 | J43: 0 | K43: 0 | L43: =(E43+F43+G43+H43)-I43-J43-K43 -> -83.71 | M43: -84
B44: 96 | C44: Ragueb | D44: 214 | E44: =IF(AND(VALUE(B44)<100, D44>0),D44*0.5,D44*0.25) -> 107 | F44: =IF(P44="C",Q44,IF(AND(VALUE(B44)<100, D44>0),12,IF(D44>0,2,0))) -> 12 | G44: 5.5 | H44: 0.75 | I44: 91.55 | J44: 0 | K44: 0 | L44: =(E44+F44+G44+H44)-I44-J44-K44 -> 33.7 | M44: 34
B45: 15 | C45: Yousef | D45: 147 | E45: =IF(AND(VALUE(B45)<100, D45>0),D45*0.5,D45*0.25) -> 73.5 | F45: =IF(P45="C",Q45,IF(AND(VALUE(B45)<100, D45>0),12,IF(D45>0,2,0))) -> 12 | G45: 0 | H45: 0 | I45: 14.8 | J45: 9.2 | K45: 75 | L45: =(E45+F45+G45+H45)-I45-J45-K45 -> -13.5 | M45: -13 | Q45: 6
B46: 99 | C46: Rushdi | E46: =IF(AND(VALUE(B46)<100, D46>0),D46*0.5,D46*0.25) -> 0 | F46: =IF(P46="C",Q46,IF(AND(VALUE(B46)<100, D46>0),12,IF(D46>0,2,0))) -> 0 | L46: =(E46+F46+G46+H46)-I46-J46-K46 -> 0 | Q46: 6
E47: =IF(AND(VALUE(B47)<100, D47>0),D47*0.5,D47*0.25) -> 0 | F47: =IF(P47="C",Q47,IF(AND(VALUE(B47)<100, D47>0),12,IF(D47>0,2,0))) -> 0 | L47: =(E47+F47+G47+H47)-I47-J47-K47 -> 0 | Q47: 6
D48: =SUM(D4:D47) -> 6131.5 | E48: =SUM(E4:E47) -> 2825.5 | F48: =SUM(F4:F47) -> 254 | G48: =SUM(G4:G47) -> 46.75 | H48: =SUM(H4:H47) -> 65.75 | I48: =SUM(I4:I47) -> 2079.69 | J48: =SUM(J4:J47) -> 747.99 | K48: =SUM(K4:K47) -> 75 | ... N48: =SUM(N4:N47) -> 0

Sheet Fri PM
A1: Date | B1: ='Mon AM'!B1+4 -> 46122 | D1: Shift | E1: PM
B3: Car | C3: Driver | D3: Book | E3: Comm | F3: Radio | G3: NYC CF | H3: PA Fee | I3: CC | J3: DB | K3: Misc | L3: NTD | M3: Cash in/out | N3: Driver Short | O3: Notes
B4: 138 | C4: Akram 138 | E4: =IF(AND(VALUE(B4)<100, D4>0),D4*0.5,D4*0.25) -> 0 | F4: =IF(P4="C",Q4,IF(AND(VALUE(B4)<100, D4>0),12,IF(D4>0,2,0))) -> 0 | L4: =(E4+F4+G4+H4)-I4-J4-K4 -> 0 | P4: c | Q4: 0 | R4: Total Book | S4: =D48 -> 3148
B5: 277 | C5: Nasser 277 | D5: 92 | E5: =IF(AND(VALUE(B5)<100, D5>0),D5*0.5,D5*0.25) -> 23 | F5: =IF(P5="C",Q5,IF(AND(VALUE(B5)<100, D5>0),12,IF(D5>0,2,0))) -> 2 | G5: 0 | H5: 0 | I5: 26 | J5: 0 | K5: 0 | L5: =(E5+F5+G5+H5)-I5-J5-K5 -> -1 | M5: -1 | N5: -1 | O5: Deducted $1 for 4/6 | Q5: 0 | R5: Comp Comm | S5: =E48 -> 1429.75
B6: 667 | C6: Abid 667 | E6: =IF(AND(VALUE(B6)<100, D6>0),D6*0.5,D6*0.25) -> 0 | F6: =IF(P6="C",Q6,IF(AND(VALUE(B6)<100, D6>0),12,IF(D6>0,2,0))) -> 0 | L6: =(E6+F6+G6+H6)-I6-J6-K6 -> 0 | Q6: 0 | R6: Radio | S6: =F48 -> 120
B7: 70 | C7: Alhassan | D7: 310 | E7: =IF(AND(VALUE(B7)<100, D7>0),D7*0.5,D7*0.25) -> 155 | F7: =IF(P7="C",Q7,IF(AND(VALUE(B7)<100, D7>0),12,IF(D7>0,2,0))) -> 12 | G7: 8.25 | H7: 9.25 | I7: 246.92 | J7: 63.86 | K7: 0 | L7: =(E7+F7+G7+H7)-I7-J7-K7 -> -126.28 | M7: -126 | Q7: 6 | R7: NYC CF | S7: =G48 -> 24.75
B8: 210 | C8: Boumadian | E8: =IF(AND(VALUE(B8)<100, D8>0),D8*0.5,D8*0.25) -> 0 | F8: =IF(P8="C",Q8,IF(AND(VALUE(B8)<100, D8>0),12,IF(D8>0,2,0))) -> 0 | L8: =(E8+F8+G8+H8)-I8-J8-K8 -> 0 | Q8: 6 | R8: PA Fee | S8: =H48 -> 59.25
B9: 012 | C9: Hamed | D9: 235 | E9: =IF(AND(VALUE(B9)<100, D9>0),D9*0.5,D9*0.25) -> 117.5 | F9: =IF(P9="C",Q9,IF(AND(VALUE(B9)<100, D9>0),12,IF(D9>0,2,0))) -> 12 | G9: 0 | H9: 3.5 | I9: 34 | J9: 69 | K9: 0 | L9: =(E9+F9+G9+H9)-I9-J9-K9 -> 30 | M9: 30 | Q9: 0 | R9: CC | S9: =I48 -> 1428.82
B10: 44 | C10: Cono | E10: =IF(AND(VALUE(B10)<100, D10>0),D10*0.5,D10*0.25) -> 0 | F10: =IF(P10="C",Q10,IF(AND(VALUE(B10)<100, D10>0),12,IF(D10>0,2,0))) -> 0 | L10: =(E10+F10+G10+H10)-I10-J10-K10 -> 0 | Q10: 6 | R10: DB | S10: =J48 -> 506.81
B11: 15 | C11: Hamdy | D11: 224 | E11: =IF(AND(VALUE(B11)<100, D11>0),D11*0.5,D11*0.25) -> 112 | F11: =IF(P11="C",Q11,IF(AND(VALUE(B11)<100, D11>0),12,IF(D11>0,2,0))) -> 12 | G11: 0 | H11: 0 | I11: 126 | J11: 0 | K11: 0 | L11: =(E11+F11+G11+H11)-I11-J11-K11 -> -2 | M11: -2 | N11: -2 | O11: Deducted $2 for 4/8 | Q11: 6 | R11: Misc | S11: =K48 -> 0
B12: 15 | C12: Divakar | D12: 256 | E12: =IF(AND(VALUE(B12)<100, D12>0),D12*0.5,D12*0.25) -> 128 | F12: =IF(P12="C",Q12,IF(AND(VALUE(B12)<100, D12>0),12,IF(D12>0,2,0))) -> 12 | G12: 5.5 | H12: 1.5 | I12: 148.46 | J12: 9.2 | K12: 0 | L12: =(E12+F12+G12+H12)-I12-J12-K12 -> -10.66 | M12: -11 | R12: Driver Short | S12: =N48 -> -3
B13: 012 | C13: Hosari | D13: 300 | E13: =IF(AND(VALUE(B13)<100, D13>0),D13*0.5,D13*0.25) -> 150 | F13: =IF(P13="C",Q13,IF(AND(VALUE(B13)<100, D13>0),12,IF(D13>0,2,0))) -> 12 | G13: 0 | H13: 3.5 | I13: 177.12 | J13: 57.5 | K13: 0 | L13: =(E13+F13+G13+H13)-I13-J13-K13 -> -69.12 | M13: -69 | Q13: 0 | S13: =S5+S6+S7-S9-S10-S11-S12 -> -358.13
B14: 44 | C14: Ihab | E14: =IF(AND(VALUE(B14)<100, D14>0),D14*0.5,D14*0.25) -> 0 | F14: =IF(P14="C",Q14,IF(AND(VALUE(B14)<100, D14>0),12,IF(D14>0,2,0))) -> 0 | L14: =(E14+F14+G14+H14)-I14-J14-K14 -> 0 | Q14: 6 | R14: Cash | S14: =M48 -> -303
B15: 11 | C15: Hassan | E15: =IF(AND(VALUE(B15)<100, D15>0),D15*0.5,D15*0.25) -> 0 | F15: =IF(P15="C",Q15,IF(AND(VALUE(B15)<100, D15>0),12,IF(D15>0,2,0))) -> 0 | L15: =(E15+F15+G15+H15)-I15-J15-K15 -> 0
B16: 05 | C16: Johnny 120 | E16: =IF(AND(VALUE(B16)<100, D16>0),D16*0.5,D16*0.25) -> 0 | F16: =IF(P16="C",Q16,IF(AND(VALUE(B16)<100, D16>0),12,IF(D16>0,2,0))) -> 0 | L16: =(E16+F16+G16+H16)-I16-J16-K16 -> 0 | Q16: 6
B17: 02 | C17: Kuhali | E17: =IF(AND(VALUE(B17)<100, D17>0),D17*0.5,D17*0.25) -> 0 | F17: =IF(P17="C",Q17,IF(AND(VALUE(B17)<100, D17>0),12,IF(D17>0,2,0))) -> 0 | L17: =(E17+F17+G17+H17)-I17-J17-K17 -> 0 | Q17: 6
B18: 11 | C18: Maroc | E18: =IF(AND(VALUE(B18)<100, D18>0),D18*0.5,D18*0.25) -> 0 | F18: =IF(P18="C",Q18,IF(AND(VALUE(B18)<100, D18>0),12,IF(D18>0,2,0))) -> 0 | L18: =(E18+F18+G18+H18)-I18-J18-K18 -> 0 | Q18: 6 | R18: House Cars | S18: {=SUMPRODUCT((VALUE(B4:B47)<100)*(D4:D47>0))} -> 10
B19: 18 | C19: Mourad | E19: =IF(AND(VALUE(B19)<100, D19>0),D19*0.5,D19*0.25) -> 0 | F19: =IF(P19="C",Q19,IF(AND(VALUE(B19)<100, D19>0),12,IF(D19>0,2,0))) -> 0 | L19: =(E19+F19+G19+H19)-I19-J19-K19 -> 0 | Q19: 6 | R19: Private Cars | S19: {=SUMPRODUCT((VALUE(B4:B47)>100)*(D4:D47>0))} -> 3
B20: 06 | C20: Peter | D20: 276 | E20: =IF(AND(VALUE(B20)<100, D20>0),D20*0.5,D20*0.25) -> 138 | F20: =IF(P20="C",Q20,IF(AND(VALUE(B20)<100, D20>0),12,IF(D20>0,2,0))) -> 12 | G20: 2.75 | H20: 4.25 | I20: 53.5 | J20: 103.12 | K20: 0 | L20: =(E20+F20+G20+H20)-I20-J20-K20 -> 0.38 | M20: 0 | Q20: 6 | R20: Total | S20: =S18+S19 -> 13
B21: 125 | C21: Hammad 125 | E21: =IF(AND(VALUE(B21)<100, D21>0),D21*0.5,D21*0.25) -> 0 | F21: =IF(P21="C",Q21,IF(AND(VALUE(B21)<100, D21>0),12,IF(D21>0,2,0))) -> 0 | L21: =(E21+F21+G21+H21)-I21-J21-K21 -> 0 | Q21: 6
B22: 01 | C22: Smail | D22: 126 | E22: =IF(AND(VALUE(B22)<100, D22>0),D22*0.5,D22*0.25) -> 63 | F22: =IF(P22="C",Q22,IF(AND(VALUE(B22)<100, D22>0),12,IF(D22>0,2,0))) -> 6 | G22: 0 | H22: 7 | I22: 53.5 | J22: 0 | K22: 0 | L22: =(E22+F22+G22+H22)-I22-J22-K22 -> 22.5 | M22: 22 | N22: 0 | P22: c | Q22: 6
B23: 05 | C23: Soufiane | D23: 353 | E23: =IF(AND(VALUE(B23)<100, D23>0),D23*0.5,D23*0.25) -> 176.5 | F23: =IF(P23="C",Q23,IF(AND(VALUE(B23)<100, D23>0),12,IF(D23>0,2,0))) -> 12 | G23: 2.75 | H23: 14.75 | I23: 173.5 | J23: 0 | K23: 0 | L23: =(E23+F23+G23+H23)-I23-J23-K23 -> 32.5 | M23: 32 | Q23: 0
B24: 012 | C24: Tanios | E24: =IF(AND(VALUE(B24)<100, D24>0),D24*0.5,D24*0.25) -> 0 | F24: =IF(P24="C",Q24,IF(AND(VALUE(B24)<100, D24>0),12,IF(D24>0,2,0))) -> 0 | L24: =(E24+F24+G24+H24)-I24-J24-K24 -> 0
B25: 33 | C25: Zaki | D25: 280 | E25: =IF(AND(VALUE(B25)<100, D25>0),D25*0.5,D25*0.25) -> 140 | F25: =IF(P25="C",Q25,IF(AND(VALUE(B25)<100, D25>0),12,IF(D25>0,2,0))) -> 12 | G25: 0 | H25: 7 | I25: 53.5 | J25: 181.13 | K25: 0 | L25: =(E25+F25+G25+H25)-I25-J25-K25 -> -75.63 | M25: -76 | Q25: 6
B26: 02 | C26: Reda | E26: =IF(AND(VALUE(B26)<100, D26>0),D26*0.5,D26*0.25) -> 0 | F26: =IF(P26="C",Q26,IF(AND(VALUE(B26)<100, D26>0),12,IF(D26>0,2,0))) -> 0 | L26: =(E26+F26+G26+H26)-I26-J26-K26 -> 0 | P26: c | Q26: 0
B27: 445 | C27: Sadiki 445 | E27: =IF(AND(VALUE(B27)<100, D27>0),D27*0.5,D27*0.25) -> 0 | F27: =IF(P27="C",Q27,IF(AND(VALUE(B27)<100, D27>0),12,IF(D27>0,2,0))) -> 0 | L27: =(E27+F27+G27+H27)-I27-J27-K27 -> 0
B28: 95 | C28: Sayah | D28: 211 | E28: =IF(AND(VALUE(B28)<100, D28>0),D28*0.5,D28*0.25) -> 105.5 | F28: =IF(P28="C",Q28,IF(AND(VALUE(B28)<100, D28>0),12,IF(D28>0,2,0))) -> 12 | G28: 2.75 | H28: 4.25 | I28: 104.96 | J28: 0 | K28: 0 | L28: =(E28+F28+G28+H28)-I28-J28-K28 -> 19.54 | M28: 20 | Q28: 0 | T28: 1
B29: 662 | C29: Aly 662 | D29: 176 | E29: =IF(AND(VALUE(B29)<100, D29>0),D29*0.5,D29*0.25) -> 44 | F29: =IF(P29="C",Q29,IF(AND(VALUE(B29)<100, D29>0),12,IF(D29>0,2,0))) -> 2 | G29: 0 | H29: 0 | I29: 71.4 | J29: 0 | K29: 0 | L29: =(E29+F29+G29+H29)-I29-J29-K29 -> -25.4 | M29: -25
B30: 77 | C30: Shousha | E30: =IF(AND(VALUE(B30)<100, D30>0),D30*0.5,D30*0.25) -> 0 | F30: =IF(P30="C",Q30,IF(AND(VALUE(B30)<100, D30>0),12,IF(D30>0,2,0))) -> 0 | L30: =(E30+F30+G30+H30)-I30-J30-K30 -> 0 | Q30: 6
B31: 393 | C31: Ashraf 393 | E31: =IF(AND(VALUE(B31)<100, D31>0),D31*0.5,D31*0.25) -> 0 | F31: =IF(P31="C",Q31,IF(AND(VALUE(B31)<100, D31>0),12,IF(D31>0,2,0))) -> 0 | L31: =(E31+F31+G31+H31)-I31-J31-K31 -> 0
B32: 96 | C32: Mahmoud | E32: =IF(AND(VALUE(B32)<100, D32>0),D32*0.5,D32*0.25) -> 0 | F32: =IF(P32="C",Q32,IF(AND(VALUE(B32)<100, D32>0),12,IF(D32>0,2,0))) -> 0 | L32: =(E32+F32+G32+H32)-I32-J32-K32 -> 0
B33: 434 | C33: Radwan 434 | D33: 309 | E33: =IF(AND(VALUE(B33)<100, D33>0),D33*0.5,D33*0.25) -> 77.25 | F33: =IF(P33="C",Q33,IF(AND(VALUE(B33)<100, D33>0),12,IF(D33>0,2,0))) -> 2 | G33: 2.75 | H33: 4.25 | I33: 159.96 | J33: 23 | K33: 0 | L33: =(E33+F33+G33+H33)-I33-J33-K33 -> -96.71 | M33: -97
B34: 158 | C34: Khamis 158 | E34: =IF(AND(VALUE(B34)<100, D34>0),D34*0.5,D34*0.25) -> 0 | F34: =IF(P34="C",Q34,IF(AND(VALUE(B34)<100, D34>0),12,IF(D34>0,2,0))) -> 0 | L34: =(E34+F34+G34+H34)-I34-J34-K34 -> 0
B35: 326 | C35: Obaydou 326 | E35: =IF(AND(VALUE(B35)<100, D35>0),D35*0.5,D35*0.25) -> 0 | F35: =IF(P35="C",Q35,IF(AND(VALUE(B35)<100, D35>0),12,IF(D35>0,2,0))) -> 0 | L35: =(E35+F35+G35+H35)-I35-J35-K35 -> 0
B36: 15 | C36: Rushdi | E36: =IF(AND(VALUE(B36)<100, D36>0),D36*0.5,D36*0.25) -> 0 | F36: =IF(P36="C",Q36,IF(AND(VALUE(B36)<100, D36>0),12,IF(D36>0,2,0))) -> 0 | L36: =(E36+F36+G36+H36)-I36-J36-K36 -> 0
E37: =IF(AND(VALUE(B37)<100, D37>0),D37*0.5,D37*0.25) -> 0 | F37: =IF(P37="C",Q37,IF(AND(VALUE(B37)<100, D37>0),12,IF(D37>0,2,0))) -> 0 | L37: =(E37+F37+G37+H37)-I37-J37-K37 -> 0
E38: =IF(AND(VALUE(B38)<100, D38>0),D38*0.5,D38*0.25) -> 0 | F38: =IF(P38="C",Q38,IF(AND(VALUE(B38)<100, D38>0),12,IF(D38>0,2,0))) -> 0 | L38: =(E38+F38+G38+H38)-I38-J38-K38 -> 0
E39: =IF(AND(VALUE(B39)<100, D39>0),D39*0.5,D39*0.25) -> 0 | F39: =IF(P39="C",Q39,IF(AND(VALUE(B39)<100, D39>0),12,IF(D39>0,2,0))) -> 0 | L39: =(E39+F39+G39+H39)-I39-J39-K39 -> 0
E40: =IF(AND(VALUE(B40)<100, D40>0),D40*0.5,D40*0.25) -> 0 | F40: =IF(P40="C",Q40,IF(AND(VALUE(B40)<100, D40>0),12,IF(D40>0,2,0))) -> 0 | L40: =(E40+F40+G40+H40)-I40-J40-K40 -> 0
E41: =IF(AND(VALUE(B41)<100, D41>0),D41*0.5,D41*0.25) -> 0 | F41: =IF(P41="C",Q41,IF(AND(VALUE(B41)<100, D41>0),12,IF(D41>0,2,0))) -> 0 | L41: =(E41+F41+G41+H41)-I41-J41-K41 -> 0
E42: =IF(AND(VALUE(B42)<100, D42>0),D42*0.5,D42*0.25) -> 0 | F42: =IF(P42="C",Q42,IF(AND(VALUE(B42)<100, D42>0),12,IF(D42>0,2,0))) -> 0 | L42: =(E42+F42+G42+H42)-I42-J42-K42 -> 0
E43: =IF(AND(VALUE(B43)<100, D43>0),D43*0.5,D43*0.25) -> 0 | F43: =IF(P43="C",Q43,IF(AND(VALUE(B43)<100, D43>0),12,IF(D43>0,2,0))) -> 0 | L43: =(E43+F43+G43+H43)-I43-J43-K43 -> 0
E44: =IF(AND(VALUE(B44)<100, D44>0),D44*0.5,D44*0.25) -> 0 | F44: =IF(P44="C",Q44,IF(AND(VALUE(B44)<100, D44>0),12,IF(D44>0,2,0))) -> 0 | L44: =(E44+F44+G44+H44)-I44-J44-K44 -> 0
E45: =IF(AND(VALUE(B45)<100, D45>0),D45*0.5,D45*0.25) -> 0 | F45: =IF(P45="C",Q45,IF(AND(VALUE(B45)<100, D45>0),12,IF(D45>0,2,0))) -> 0 | L45: =(E45+F45+G45+H45)-I45-J45-K45 -> 0
E46: =IF(AND(VALUE(B46)<100, D46>0),D46*0.5,D46*0.25) -> 0 | F46: =IF(P46="C",Q46,IF(AND(VALUE(B46)<100, D46>0),12,IF(D46>0,2,0))) -> 0 | L46: =(E46+F46+G46+H46)-I46-J46-K46 -> 0
E47: =IF(AND(VALUE(B47)<100, D47>0),D47*0.5,D47*0.25) -> 0 | F47: =IF(P47="C",Q47,IF(AND(VALUE(B47)<100, D47>0),12,IF(D47>0,2,0))) -> 0 | L47: =(E47+F47+G47+H47)-I47-J47-K47 -> 0
D48: =SUM(D4:D47) -> 3148 | E48: =SUM(E4:E47) -> 1429.75 | F48: =SUM(F4:F47) -> 120 | G48: =SUM(G4:G47) -> 24.75 | H48: =SUM(H4:H47) -> 59.25 | I48: =SUM(I4:I47) -> 1428.82 | J48: =SUM(J4:J47) -> 506.81 | K48: =SUM(K4:K47) -> 0 | ... N48: =SUM(N4:N47) -> -3

Sheet Sat AM
A1: Date | B1: ='Mon AM'!B1+5 -> 46123 | D1: Shift | E1: AM
B3: Car | C3: Driver | D3: Book | E3: Comm | F3: Radio | G3: NYC CF | H3: PA Fee | I3: CC | J3: DB | K3: Misc | L3: NTD | M3: Cash in/out | N3: Driver Short | O3: Notes
B4: 70 | C4: Alan C | E4: =IF(AND(VALUE(B4)<100, D4>0),D4*0.5,D4*0.25) -> 0 | F4: =IF(P4="C",Q4,IF(AND(VALUE(B4)<100, D4>0),12,IF(D4>0,2,0))) -> 0 | L4: =(E4+F4+G4+H4)-I4-J4-K4 -> 0 | Q4: 6 | R4: Total Book | S4: =D48 -> 0
B5: 20 | C5: Hammad 125 | E5: =IF(AND(VALUE(B5)<100, D5>0),D5*0.5,D5*0.25) -> 0 | F5: =IF(P5="C",Q5,IF(AND(VALUE(B5)<100, D5>0),12,IF(D5>0,2,0))) -> 0 | L5: =(E5+F5+G5+H5)-I5-J5-K5 -> 0 | R5: Comp Comm | S5: =E48 -> 0
B6: 114 | C6: Ash 114 | E6: =IF(AND(VALUE(B6)<100, D6>0),D6*0.5,D6*0.25) -> 0 | F6: =IF(P6="C",Q6,IF(AND(VALUE(B6)<100, D6>0),12,IF(D6>0,2,0))) -> 0 | L6: =(E6+F6+G6+H6)-I6-J6-K6 -> 0 | Q6: 6 | R6: Radio | S6: =F48 -> 0
B7: 326 | C7: Obaydou 326 | E7: =IF(AND(VALUE(B7)<100, D7>0),D7*0.5,D7*0.25) -> 0 | F7: =IF(P7="C",Q7,IF(AND(VALUE(B7)<100, D7>0),12,IF(D7>0,2,0))) -> 0 | L7: =(E7+F7+G7+H7)-I7-J7-K7 -> 0 | Q7: 6 | R7: NYC CF | S7: =G48 -> 0
B8: 33 | C8: Adnan | E8: =IF(AND(VALUE(B8)<100, D8>0),D8*0.5,D8*0.25) -> 0 | F8: =IF(P8="C",Q8,IF(AND(VALUE(B8)<100, D8>0),12,IF(D8>0,2,0))) -> 0 | L8: =(E8+F8+G8+H8)-I8-J8-K8 -> 0 | Q8: 6 | R8: PA Fee | S8: =H48 -> 0
B9: 176 | C9: Djilali 176 | E9: =IF(AND(VALUE(B9)<100, D9>0),D9*0.5,D9*0.25) -> 0 | F9: =IF(P9="C",Q9,IF(AND(VALUE(B9)<100, D9>0),12,IF(D9>0,2,0))) -> 0 | L9: =(E9+F9+G9+H9)-I9-J9-K9 -> 0 | Q9: 6 | R9: CC | S9: =I48 -> 0
B10: 80 | C10: Alvis | E10: =IF(AND(VALUE(B10)<100, D10>0),D10*0.5,D10*0.25) -> 0 | F10: =IF(P10="C",Q10,IF(AND(VALUE(B10)<100, D10>0),12,IF(D10>0,2,0))) -> 0 | L10: =(E10+F10+G10+H10)-I10-J10-K10 -> 0 | Q10: 6 | R10: DB | S10: =J48 -> 0
B11: 133 | C11: Bobby 133 | E11: =IF(AND(VALUE(B11)<100, D11>0),D11*0.5,D11*0.25) -> 0 | F11: =IF(P11="C",Q11,IF(AND(VALUE(B11)<100, D11>0),12,IF(D11>0,2,0))) -> 0 | L11: =(E11+F11+G11+H11)-I11-J11-K11 -> 0 | R11: Misc | S11: =K48 -> 0
B12: 7 | C12: Darir | E12: =IF(AND(VALUE(B12)<100, D12>0),D12*0.5,D12*0.25) -> 0 | F12: =IF(P12="C",Q12,IF(AND(VALUE(B12)<100, D12>0),12,IF(D12>0,2,0))) -> 0 | L12: =(E12+F12+G12+H12)-I12-J12-K12 -> 0 | Q12: 6 | R12: Driver Short | S12: =N48 -> 0
B13: 122 | C13: Anas 122 | E13: =IF(AND(VALUE(B13)<100, D13>0),D13*0.5,D13*0.25) -> 0 | F13: =IF(P13="C",Q13,IF(AND(VALUE(B13)<100, D13>0),12,IF(D13>0,2,0))) -> 0 | L13: =(E13+F13+G13+H13)-I13-J13-K13 -> 0 | Q13: 6 | S13: =S5+S6+S7-S9-S10-S11-S12 -> 0
B14: 88 | C14: Ayad | E14: =IF(AND(VALUE(B14)<100, D14>0),D14*0.5,D14*0.25) -> 0 | F14: =IF(P14="C",Q14,IF(AND(VALUE(B14)<100, D14>0),12,IF(D14>0,2,0))) -> 0 | L14: =(E14+F14+G14+H14)-I14-J14-K14 -> 0 | Q14: 6 | R14: Cash | S14: =M48 -> 0
B15: 96 | C15: Esmail | E15: =IF(AND(VALUE(B15)<100, D15>0),D15*0.5,D15*0.25) -> 0 | F15: =IF(P15="C",Q15,IF(AND(VALUE(B15)<100, D15>0),12,IF(D15>0,2,0))) -> 0 | L15: =(E15+F15+G15+H15)-I15-J15-K15 -> 0
B16: 26 | C16: Gus | E16: =IF(AND(VALUE(B16)<100, D16>0),D16*0.5,D16*0.25) -> 0 | F16: =IF(P16="C",Q16,IF(AND(VALUE(B16)<100, D16>0),12,IF(D16>0,2,0))) -> 0 | L16: =(E16+F16+G16+H16)-I16-J16-K16 -> 0 | Q16: 6
B17: 11 | C17: Hashem | E17: =IF(AND(VALUE(B17)<100, D17>0),D17*0.5,D17*0.25) -> 0 | F17: =IF(P17="C",Q17,IF(AND(VALUE(B17)<100, D17>0),12,IF(D17>0,2,0))) -> 0 | L17: =(E17+F17+G17+H17)-I17-J17-K17 -> 0 | Q17: 6
B18: 27 | C18: Hassan | E18: =IF(AND(VALUE(B18)<100, D18>0),D18*0.5,D18*0.25) -> 0 | F18: =IF(P18="C",Q18,IF(AND(VALUE(B18)<100, D18>0),12,IF(D18>0,2,0))) -> 0 | L18: =(E18+F18+G18+H18)-I18-J18-K18 -> 0 | Q18: 0 | R18: House Cars | S18: {=SUMPRODUCT((VALUE(B4:B47)<100)*(D4:D47>0))} -> 0
B19: 33 | C19: Ihab | E19: =IF(AND(VALUE(B19)<100, D19>0),D19*0.5,D19*0.25) -> 0 | F19: =IF(P19="C",Q19,IF(AND(VALUE(B19)<100, D19>0),12,IF(D19>0,2,0))) -> 0 | L19: =(E19+F19+G19+H19)-I19-J19-K19 -> 0 | Q19: 6 | R19: Private Cars | S19: {=SUMPRODUCT((VALUE(B4:B47)>100)*(D4:D47>0))} -> 0
B20: 77 | C20: Nofal | E20: =IF(AND(VALUE(B20)<100, D20>0),D20*0.5,D20*0.25) -> 0 | F20: =IF(P20="C",Q20,IF(AND(VALUE(B20)<100, D20>0),12,IF(D20>0,2,0))) -> 0 | L20: =(E20+F20+G20+H20)-I20-J20-K20 -> 0 | Q20: 6 | R20: Total | S20: =S18+S19 -> 0
B21: 33 | C21: Ibrahim | E21: =IF(AND(VALUE(B21)<100, D21>0),D21*0.5,D21*0.25) -> 0 | F21: =IF(P21="C",Q21,IF(AND(VALUE(B21)<100, D21>0),12,IF(D21>0,2,0))) -> 0 | L21: =(E21+F21+G21+H21)-I21-J21-K21 -> 0 | Q21: 2
B22: 27 | C22: Kim | E22: =IF(AND(VALUE(B22)<100, D22>0),D22*0.5,D22*0.25) -> 0 | F22: =IF(P22="C",Q22,IF(AND(VALUE(B22)<100, D22>0),12,IF(D22>0,2,0))) -> 0 | L22: =(E22+F22+G22+H22)-I22-J22-K22 -> 0 | Q22: 6
B23: 622 | C23: Joseph 622 | E23: =IF(AND(VALUE(B23)<100, D23>0),D23*0.5,D23*0.25) -> 0 | F23: =IF(P23="C",Q23,IF(AND(VALUE(B23)<100, D23>0),12,IF(D23>0,2,0))) -> 0 | L23: =(E23+F23+G23+H23)-I23-J23-K23 -> 0 | Q23: 6
B24: 01 | C24: Kamal | E24: =IF(AND(VALUE(B24)<100, D24>0),D24*0.5,D24*0.25) -> 0 | F24: =IF(P24="C",Q24,IF(AND(VALUE(B24)<100, D24>0),12,IF(D24>0,2,0))) -> 0 | L24: =(E24+F24+G24+H24)-I24-J24-K24 -> 0
B25: 55 | C25: Karlo | E25: =IF(AND(VALUE(B25)<100, D25>0),D25*0.5,D25*0.25) -> 0 | F25: =IF(P25="C",Q25,IF(AND(VALUE(B25)<100, D25>0),12,IF(D25>0,2,0))) -> 0 | L25: =(E25+F25+G25+H25)-I25-J25-K25 -> 0 | Q25: 0
B26: 77 | C26: Hesham | E26: =IF(AND(VALUE(B26)<100, D26>0),D26*0.5,D26*0.25) -> 0 | F26: =IF(P26="C",Q26,IF(AND(VALUE(B26)<100, D26>0),12,IF(D26>0,2,0))) -> 0 | L26: =(E26+F26+G26+H26)-I26-J26-K26 -> 0 | Q26: 6
B27: 50 | C27: Khaled | E27: =IF(AND(VALUE(B27)<100, D27>0),D27*0.5,D27*0.25) -> 0 | F27: =IF(P27="C",Q27,IF(AND(VALUE(B27)<100, D27>0),12,IF(D27>0,2,0))) -> 0 | L27: =(E27+F27+G27+H27)-I27-J27-K27 -> 0 | T27: 2
B28: 844 | C28: Khodr 844 | E28: =IF(AND(VALUE(B28)<100, D28>0),D28*0.5,D28*0.25) -> 0 | F28: =IF(P28="C",Q28,IF(AND(VALUE(B28)<100, D28>0),12,IF(D28>0,2,0))) -> 0 | L28: =(E28+F28+G28+H28)-I28-J28-K28 -> 0 | T28: 1
B29: 644 | C29: Muhiddin 644 | E29: =IF(AND(VALUE(B29)<100, D29>0),D29*0.5,D29*0.25) -> 0 | F29: =IF(P29="C",Q29,IF(AND(VALUE(B29)<100, D29>0),12,IF(D29>0,2,0))) -> 0 | L29: =(E29+F29+G29+H29)-I29-J29-K29 -> 0 | Q29: 0
B30: 109 | C30: Nasser 109 | E30: =IF(AND(VALUE(B30)<100, D30>0),D30*0.5,D30*0.25) -> 0 | F30: =IF(P30="C",Q30,IF(AND(VALUE(B30)<100, D30>0),12,IF(D30>0,2,0))) -> 0 | L30: =(E30+F30+G30+H30)-I30-J30-K30 -> 0 | Q30: 6
B31: 25 | C31: Mustapha | E31: =IF(AND(VALUE(B31)<100, D31>0),D31*0.5,D31*0.25) -> 0 | F31: =IF(P31="C",Q31,IF(AND(VALUE(B31)<100, D31>0),12,IF(D31>0,2,0))) -> 0 | L31: =(E31+F31+G31+H31)-I31-J31-K31 -> 0 | Q31: 6
B32: 05 | C32: Nassim | E32: =IF(AND(VALUE(B32)<100, D32>0),D32*0.5,D32*0.25) -> 0 | F32: =IF(P32="C",Q32,IF(AND(VALUE(B32)<100, D32>0),12,IF(D32>0,2,0))) -> 0 | L32: =(E32+F32+G32+H32)-I32-J32-K32 -> 0 | Q32: 6
B33: 95 | C33: Sayed | E33: =IF(AND(VALUE(B33)<100, D33>0),D33*0.5,D33*0.25) -> 0 | F33: =IF(P33="C",Q33,IF(AND(VALUE(B33)<100, D33>0),12,IF(D33>0,2,0))) -> 0 | L33: =(E33+F33+G33+H33)-I33-J33-K33 -> 0
B34: 96 | C34: Rabah | E34: =IF(AND(VALUE(B34)<100, D34>0),D34*0.5,D34*0.25) -> 0 | F34: =IF(P34="C",Q34,IF(AND(VALUE(B34)<100, D34>0),12,IF(D34>0,2,0))) -> 0 | L34: =(E34+F34+G34+H34)-I34-J34-K34 -> 0
B35: 33 | C35: Rachid | E35: =IF(AND(VALUE(B35)<100, D35>0),D35*0.5,D35*0.25) -> 0 | F35: =IF(P35="C",Q35,IF(AND(VALUE(B35)<100, D35>0),12,IF(D35>0,2,0))) -> 0 | L35: =(E35+F35+G35+H35)-I35-J35-K35 -> 0
B36: 510 | C36: Samuel 510 | E36: =IF(AND(VALUE(B36)<100, D36>0),D36*0.5,D36*0.25) -> 0 | F36: =IF(P36="C",Q36,IF(AND(VALUE(B36)<100, D36>0),12,IF(D36>0,2,0))) -> 0 | L36: =(E36+F36+G36+H36)-I36-J36-K36 -> 0
B37: 132 | C37: Samir 132 | E37: =IF(AND(VALUE(B37)<100, D37>0),D37*0.5,D37*0.25) -> 0 | F37: =IF(P37="C",Q37,IF(AND(VALUE(B37)<100, D37>0),12,IF(D37>0,2,0))) -> 0 | L37: =(E37+F37+G37+H37)-I37-J37-K37 -> 0 | P37: c
B38: 137 | C38: Osama 137 | E38: =IF(AND(VALUE(B38)<100, D38>0),D38*0.5,D38*0.25) -> 0 | F38: =IF(P38="C",Q38,IF(AND(VALUE(B38)<100, D38>0),12,IF(D38>0,2,0))) -> 0 | L38: =(E38+F38+G38+H38)-I38-J38-K38 -> 0 | Q38: 6
B39: 11 | C39: Shalaby | E39: =IF(AND(VALUE(B39)<100, D39>0),D39*0.5,D39*0.25) -> 0 | F39: =IF(P39="C",Q39,IF(AND(VALUE(B39)<100, D39>0),12,IF(D39>0,2,0))) -> 0 | L39: =(E39+F39+G39+H39)-I39-J39-K39 -> 0
B40: 18 | C40: Hegazy | E40: =IF(AND(VALUE(B40)<100, D40>0),D40*0.5,D40*0.25) -> 0 | F40: =IF(P40="C",Q40,IF(AND(VALUE(B40)<100, D40>0),12,IF(D40>0,2,0))) -> 0 | L40: =(E40+F40+G40+H40)-I40-J40-K40 -> 0 | Q40: 6
B41: 169 | C41: Tariq 169 | E41: =IF(AND(VALUE(B41)<100, D41>0),D41*0.5,D41*0.25) -> 0 | F41: =IF(P41="C",Q41,IF(AND(VALUE(B41)<100, D41>0),12,IF(D41>0,2,0))) -> 0 | L41: =(E41+F41+G41+H41)-I41-J41-K41 -> 0
B42: 610 | C42: Rizwan 610 | E42: =IF(AND(VALUE(B42)<100, D42>0),D42*0.5,D42*0.25) -> 0 | F42: =IF(P42="C",Q42,IF(AND(VALUE(B42)<100, D42>0),12,IF(D42>0,2,0))) -> 0 | L42: =(E42+F42+G42+H42)-I42-J42-K42 -> 0
B43: 99 | C43: Willy | E43: =IF(AND(VALUE(B43)<100, D43>0),D43*0.5,D43*0.25) -> 0 | F43: =IF(P43="C",Q43,IF(AND(VALUE(B43)<100, D43>0),12,IF(D43>0,2,0))) -> 0 | L43: =(E43+F43+G43+H43)-I43-J43-K43 -> 0
B44: 012 | C44: Ragueb | E44: =IF(AND(VALUE(B44)<100, D44>0),D44*0.5,D44*0.25) -> 0 | F44: =IF(P44="C",Q44,IF(AND(VALUE(B44)<100, D44>0),12,IF(D44>0,2,0))) -> 0 | L44: =(E44+F44+G44+H44)-I44-J44-K44 -> 0 | Q44: 6
B45: 15 | C45: Yousef | E45: =IF(AND(VALUE(B45)<100, D45>0),D45*0.5,D45*0.25) -> 0 | F45: =IF(P45="C",Q45,IF(AND(VALUE(B45)<100, D45>0),12,IF(D45>0,2,0))) -> 0 | L45: =(E45+F45+G45+H45)-I45-J45-K45 -> 0
B46: 99 | C46: Rushdi | E46: =IF(AND(VALUE(B46)<100, D46>0),D46*0.5,D46*0.25) -> 0 | F46: =IF(P46="C",Q46,IF(AND(VALUE(B46)<100, D46>0),12,IF(D46>0,2,0))) -> 0 | L46: =(E46+F46+G46+H46)-I46-J46-K46 -> 0 | Q46: 6
E47: =IF(AND(VALUE(B47)<100, D47>0),D47*0.5,D47*0.25) -> 0 | F47: =IF(P47="C",Q47,IF(AND(VALUE(B47)<100, D47>0),12,IF(D47>0,2,0))) -> 0 | L47: =(E47+F47+G47+H47)-I47-J47-K47 -> 0 | Q47: 6
D48: =SUM(D4:D47) -> 0 | E48: =SUM(E4:E47) -> 0 | F48: =SUM(F4:F47) -> 0 | G48: =SUM(G4:G47) -> 0 | H48: =SUM(H4:H47) -> 0 | I48: =SUM(I4:I47) -> 0 | J48: =SUM(J4:J47) -> 0 | K48: =SUM(K4:K47) -> 0 | ... N48: =SUM(N4:N47) -> 0

Sheet Sat PM
A1: Date | B1: ='Mon AM'!B1+5 -> 46123 | D1: Shift | E1: PM
B3: Car | C3: Driver | D3: Book | E3: Comm | F3: Radio | G3: NYC CF | H3: PA Fee | I3: CC | J3: DB | K3: Misc | L3: NTD | M3: Cash in/out | N3: Driver Short | O3: Notes
B4: 138 | C4: Akram 138 | E4: =IF(AND(VALUE(B4)<100, D4>0),D4*0.5,D4*0.25) -> 0 | F4: =IF(P4="C",Q4,IF(AND(VALUE(B4)<100, D4>0),12,IF(D4>0,2,0))) -> 0 | L4: =(E4+F4+G4+H4)-I4-J4-K4 -> 0 | P4: c | Q4: 0 | R4: Total Book | S4: =D48 -> 0
B5: 277 | C5: Nasser 277 | E5: =IF(AND(VALUE(B5)<100, D5>0),D5*0.5,D5*0.25) -> 0 | F5: =IF(P5="C",Q5,IF(AND(VALUE(B5)<100, D5>0),12,IF(D5>0,2,0))) -> 0 | L5: =(E5+F5+G5+H5)-I5-J5-K5 -> 0 | Q5: 0 | R5: Comp Comm | S5: =E48 -> 0
B6: 667 | C6: Abid 667 | E6: =IF(AND(VALUE(B6)<100, D6>0),D6*0.5,D6*0.25) -> 0 | F6: =IF(P6="C",Q6,IF(AND(VALUE(B6)<100, D6>0),12,IF(D6>0,2,0))) -> 0 | L6: =(E6+F6+G6+H6)-I6-J6-K6 -> 0 | Q6: 0 | R6: Radio | S6: =F48 -> 0
B7: 70 | C7: Alhassan | E7: =IF(AND(VALUE(B7)<100, D7>0),D7*0.5,D7*0.25) -> 0 | F7: =IF(P7="C",Q7,IF(AND(VALUE(B7)<100, D7>0),12,IF(D7>0,2,0))) -> 0 | L7: =(E7+F7+G7+H7)-I7-J7-K7 -> 0 | Q7: 6 | R7: NYC CF | S7: =G48 -> 0
B8: 210 | C8: Boumadian | E8: =IF(AND(VALUE(B8)<100, D8>0),D8*0.5,D8*0.25) -> 0 | F8: =IF(P8="C",Q8,IF(AND(VALUE(B8)<100, D8>0),12,IF(D8>0,2,0))) -> 0 | L8: =(E8+F8+G8+H8)-I8-J8-K8 -> 0 | Q8: 6 | R8: PA Fee | S8: =H48 -> 0
B9: 012 | C9: Hamed | E9: =IF(AND(VALUE(B9)<100, D9>0),D9*0.5,D9*0.25) -> 0 | F9: =IF(P9="C",Q9,IF(AND(VALUE(B9)<100, D9>0),12,IF(D9>0,2,0))) -> 0 | L9: =(E9+F9+G9+H9)-I9-J9-K9 -> 0 | Q9: 6 | R9: CC | S9: =I48 -> 0
B10: 44 | C10: Cono | E10: =IF(AND(VALUE(B10)<100, D10>0),D10*0.5,D10*0.25) -> 0 | F10: =IF(P10="C",Q10,IF(AND(VALUE(B10)<100, D10>0),12,IF(D10>0,2,0))) -> 0 | L10: =(E10+F10+G10+H10)-I10-J10-K10 -> 0 | Q10: 6 | R10: DB | S10: =J48 -> 0
B11: 15 | C11: Hamdy | E11: =IF(AND(VALUE(B11)<100, D11>0),D11*0.5,D11*0.25) -> 0 | F11: =IF(P11="C",Q11,IF(AND(VALUE(B11)<100, D11>0),12,IF(D11>0,2,0))) -> 0 | L11: =(E11+F11+G11+H11)-I11-J11-K11 -> 0 | Q11: 6 | R11: Misc | S11: =K48 -> 0
B12: 95 | C12: Divakar | E12: =IF(AND(VALUE(B12)<100, D12>0),D12*0.5,D12*0.25) -> 0 | F12: =IF(P12="C",Q12,IF(AND(VALUE(B12)<100, D12>0),12,IF(D12>0,2,0))) -> 0 | L12: =(E12+F12+G12+H12)-I12-J12-K12 -> 0 | R12: Driver Short | S12: =N48 -> 0
B13: 012 | C13: Hosari | E13: =IF(AND(VALUE(B13)<100, D13>0),D13*0.5,D13*0.25) -> 0 | F13: =IF(P13="C",Q13,IF(AND(VALUE(B13)<100, D13>0),12,IF(D13>0,2,0))) -> 0 | L13: =(E13+F13+G13+H13)-I13-J13-K13 -> 0 | Q13: 0 | S13: =S5+S6+S7-S9-S10-S11-S12 -> 0
B14: 44 | C14: Hegazy | E14: =IF(AND(VALUE(B14)<100, D14>0),D14*0.5,D14*0.25) -> 0 | F14: =IF(P14="C",Q14,IF(AND(VALUE(B14)<100, D14>0),12,IF(D14>0,2,0))) -> 0 | L14: =(E14+F14+G14+H14)-I14-J14-K14 -> 0 | Q14: 6 | R14: Cash | S14: =M48 -> 0
B15: 11 | C15: Hassan | E15: =IF(AND(VALUE(B15)<100, D15>0),D15*0.5,D15*0.25) -> 0 | F15: =IF(P15="C",Q15,IF(AND(VALUE(B15)<100, D15>0),12,IF(D15>0,2,0))) -> 0 | L15: =(E15+F15+G15+H15)-I15-J15-K15 -> 0
B16: 05 | C16: Johnny 120 | E16: =IF(AND(VALUE(B16)<100, D16>0),D16*0.5,D16*0.25) -> 0 | F16: =IF(P16="C",Q16,IF(AND(VALUE(B16)<100, D16>0),12,IF(D16>0,2,0))) -> 0 | L16: =(E16+F16+G16+H16)-I16-J16-K16 -> 0 | Q16: 6
B17: 02 | C17: Kuhali | E17: =IF(AND(VALUE(B17)<100, D17>0),D17*0.5,D17*0.25) -> 0 | F17: =IF(P17="C",Q17,IF(AND(VALUE(B17)<100, D17>0),12,IF(D17>0,2,0))) -> 0 | L17: =(E17+F17+G17+H17)-I17-J17-K17 -> 0 | Q17: 6
B18: 95 | C18: Maroc | E18: =IF(AND(VALUE(B18)<100, D18>0),D18*0.5,D18*0.25) -> 0 | F18: =IF(P18="C",Q18,IF(AND(VALUE(B18)<100, D18>0),12,IF(D18>0,2,0))) -> 0 | L18: =(E18+F18+G18+H18)-I18-J18-K18 -> 0 | Q18: 6 | R18: House Cars | S18: {=SUMPRODUCT((VALUE(B4:B47)<100)*(D4:D47>0))} -> 0
B19: 18 | C19: Mourad | E19: =IF(AND(VALUE(B19)<100, D19>0),D19*0.5,D19*0.25) -> 0 | F19: =IF(P19="C",Q19,IF(AND(VALUE(B19)<100, D19>0),12,IF(D19>0,2,0))) -> 0 | L19: =(E19+F19+G19+H19)-I19-J19-K19 -> 0 | Q19: 6 | R19: Private Cars | S19: {=SUMPRODUCT((VALUE(B4:B47)>100)*(D4:D47>0))} -> 0
B20: 06 | C20: Peter | E20: =IF(AND(VALUE(B20)<100, D20>0),D20*0.5,D20*0.25) -> 0 | F20: =IF(P20="C",Q20,IF(AND(VALUE(B20)<100, D20>0),12,IF(D20>0,2,0))) -> 0 | L20: =(E20+F20+G20+H20)-I20-J20-K20 -> 0 | R20: Total | S20: =S18+S19 -> 0
B21: 445 | C21: Saddiki 445 | E21: =IF(AND(VALUE(B21)<100, D21>0),D21*0.5,D21*0.25) -> 0 | F21: =IF(P21="C",Q21,IF(AND(VALUE(B21)<100, D21>0),12,IF(D21>0,2,0))) -> 0 | L21: =(E21+F21+G21+H21)-I21-J21-K21 -> 0 | P21: c | Q21: 0
B22: 95 | C22: Smail | E22: =IF(AND(VALUE(B22)<100, D22>0),D22*0.5,D22*0.25) -> 0 | F22: =IF(P22="C",Q22,IF(AND(VALUE(B22)<100, D22>0),12,IF(D22>0,2,0))) -> 0 | L22: =(E22+F22+G22+H22)-I22-J22-K22 -> 0 | Q22: 6
B23: 05 | C23: Soufiane | E23: =IF(AND(VALUE(B23)<100, D23>0),D23*0.5,D23*0.25) -> 0 | F23: =IF(P23="C",Q23,IF(AND(VALUE(B23)<100, D23>0),12,IF(D23>0,2,0))) -> 0 | L23: =(E23+F23+G23+H23)-I23-J23-K23 -> 0 | Q23: 6
B24: 012 | C24: Tanios | E24: =IF(AND(VALUE(B24)<100, D24>0),D24*0.5,D24*0.25) -> 0 | F24: =IF(P24="C",Q24,IF(AND(VALUE(B24)<100, D24>0),12,IF(D24>0,2,0))) -> 0 | L24: =(E24+F24+G24+H24)-I24-J24-K24 -> 0 | P24: c | Q24: 0
B25: 662 | C25: Aly 662 | E25: =IF(AND(VALUE(B25)<100, D25>0),D25*0.5,D25*0.25) -> 0 | F25: =IF(P25="C",Q25,IF(AND(VALUE(B25)<100, D25>0),12,IF(D25>0,2,0))) -> 0 | L25: =(E25+F25+G25+H25)-I25-J25-K25 -> 0 | Q25: 0
B26: 33 | C26: Zaki | E26: =IF(AND(VALUE(B26)<100, D26>0),D26*0.5,D26*0.25) -> 0 | F26: =IF(P26="C",Q26,IF(AND(VALUE(B26)<100, D26>0),12,IF(D26>0,2,0))) -> 0 | L26: =(E26+F26+G26+H26)-I26-J26-K26 -> 0 | P26: c | Q26: 0
B27: 158 | C27: Khamis 158 | E27: =IF(AND(VALUE(B27)<100, D27>0),D27*0.5,D27*0.25) -> 0 | F27: =IF(P27="C",Q27,IF(AND(VALUE(B27)<100, D27>0),12,IF(D27>0,2,0))) -> 0 | L27: =(E27+F27+G27+H27)-I27-J27-K27 -> 0
B28: 33 | C28: Madjid | E28: =IF(AND(VALUE(B28)<100, D28>0),D28*0.5,D28*0.25) -> 0 | F28: =IF(P28="C",Q28,IF(AND(VALUE(B28)<100, D28>0),12,IF(D28>0,2,0))) -> 0 | L28: =(E28+F28+G28+H28)-I28-J28-K28 -> 0 | Q28: 0 | T28: 1
B29: 15 | C29: Sayah | E29: =IF(AND(VALUE(B29)<100, D29>0),D29*0.5,D29*0.25) -> 0 | F29: =IF(P29="C",Q29,IF(AND(VALUE(B29)<100, D29>0),12,IF(D29>0,2,0))) -> 0 | L29: =(E29+F29+G29+H29)-I29-J29-K29 -> 0 | T29: 0
B30: 77 | C30: Shousha | E30: =IF(AND(VALUE(B30)<100, D30>0),D30*0.5,D30*0.25) -> 0 | F30: =IF(P30="C",Q30,IF(AND(VALUE(B30)<100, D30>0),12,IF(D30>0,2,0))) -> 0 | L30: =(E30+F30+G30+H30)-I30-J30-K30 -> 0
B31: 02 | C31: Reda | E31: =IF(AND(VALUE(B31)<100, D31>0),D31*0.5,D31*0.25) -> 0 | F31: =IF(P31="C",Q31,IF(AND(VALUE(B31)<100, D31>0),12,IF(D31>0,2,0))) -> 0 | L31: =(E31+F31+G31+H31)-I31-J31-K31 -> 0 | Q31: 6
B32: 139 | C32: Yehia 139 | E32: =IF(AND(VALUE(B32)<100, D32>0),D32*0.5,D32*0.25) -> 0 | F32: =IF(P32="C",Q32,IF(AND(VALUE(B32)<100, D32>0),12,IF(D32>0,2,0))) -> 0 | L32: =(E32+F32+G32+H32)-I32-J32-K32 -> 0
B33: 507 | C33: Mukhtar 507 | E33: =IF(AND(VALUE(B33)<100, D33>0),D33*0.5,D33*0.25) -> 0 | F33: =IF(P33="C",Q33,IF(AND(VALUE(B33)<100, D33>0),12,IF(D33>0,2,0))) -> 0 | L33: =(E33+F33+G33+H33)-I33-J33-K33 -> 0
B34: 434 | C34: Radwan 434 | E34: =IF(AND(VALUE(B34)<100, D34>0),D34*0.5,D34*0.25) -> 0 | F34: =IF(P34="C",Q34,IF(AND(VALUE(B34)<100, D34>0),12,IF(D34>0,2,0))) -> 0 | L34: =(E34+F34+G34+H34)-I34-J34-K34 -> 0
B35: 409 | C35: Wael 409 | E35: =IF(AND(VALUE(B35)<100, D35>0),D35*0.5,D35*0.25) -> 0 | F35: =IF(P35="C",Q35,IF(AND(VALUE(B35)<100, D35>0),12,IF(D35>0,2,0))) -> 0 | L35: =(E35+F35+G35+H35)-I35-J35-K35 -> 0
B36: 326 | C36: Obaydou 326 | E36: =IF(AND(VALUE(B36)<100, D36>0),D36*0.5,D36*0.25) -> 0 | F36: =IF(P36="C",Q36,IF(AND(VALUE(B36)<100, D36>0),12,IF(D36>0,2,0))) -> 0 | L36: =(E36+F36+G36+H36)-I36-J36-K36 -> 0
B37: 95 | C37: Rushdi | E37: =IF(AND(VALUE(B37)<100, D37>0),D37*0.5,D37*0.25) -> 0 | F37: =IF(P37="C",Q37,IF(AND(VALUE(B37)<100, D37>0),12,IF(D37>0,2,0))) -> 0 | L37: =(E37+F37+G37+H37)-I37-J37-K37 -> 0
E38: =IF(AND(VALUE(B38)<100, D38>0),D38*0.5,D38*0.25) -> 0 | F38: =IF(P38="C",Q38,IF(AND(VALUE(B38)<100, D38>0),12,IF(D38>0,2,0))) -> 0 | L38: =(E38+F38+G38+H38)-I38-J38-K38 -> 0
E39: =IF(AND(VALUE(B39)<100, D39>0),D39*0.5,D39*0.25) -> 0 | F39: =IF(P39="C",Q39,IF(AND(VALUE(B39)<100, D39>0),12,IF(D39>0,2,0))) -> 0 | L39: =(E39+F39+G39+H39)-I39-J39-K39 -> 0
E40: =IF(AND(VALUE(B40)<100, D40>0),D40*0.5,D40*0.25) -> 0 | F40: =IF(P40="C",Q40,IF(AND(VALUE(B40)<100, D40>0),12,IF(D40>0,2,0))) -> 0 | L40: =(E40+F40+G40+H40)-I40-J40-K40 -> 0
E41: =IF(AND(VALUE(B41)<100, D41>0),D41*0.5,D41*0.25) -> 0 | F41: =IF(P41="C",Q41,IF(AND(VALUE(B41)<100, D41>0),12,IF(D41>0,2,0))) -> 0 | L41: =(E41+F41+G41+H41)-I41-J41-K41 -> 0
E42: =IF(AND(VALUE(B42)<100, D42>0),D42*0.5,D42*0.25) -> 0 | F42: =IF(P42="C",Q42,IF(AND(VALUE(B42)<100, D42>0),12,IF(D42>0,2,0))) -> 0 | L42: =(E42+F42+G42+H42)-I42-J42-K42 -> 0
E43: =IF(AND(VALUE(B43)<100, D43>0),D43*0.5,D43*0.25) -> 0 | F43: =IF(P43="C",Q43,IF(AND(VALUE(B43)<100, D43>0),12,IF(D43>0,2,0))) -> 0 | L43: =(E43+F43+G43+H43)-I43-J43-K43 -> 0
E44: =IF(AND(VALUE(B44)<100, D44>0),D44*0.5,D44*0.25) -> 0 | F44: =IF(P44="C",Q44,IF(AND(VALUE(B44)<100, D44>0),12,IF(D44>0,2,0))) -> 0 | L44: =(E44+F44+G44+H44)-I44-J44-K44 -> 0
E45: =IF(AND(VALUE(B45)<100, D45>0),D45*0.5,D45*0.25) -> 0 | F45: =IF(P45="C",Q45,IF(AND(VALUE(B45)<100, D45>0),12,IF(D45>0,2,0))) -> 0 | L45: =(E45+F45+G45+H45)-I45-J45-K45 -> 0
E46: =IF(AND(VALUE(B46)<100, D46>0),D46*0.5,D46*0.25) -> 0 | F46: =IF(P46="C",Q46,IF(AND(VALUE(B46)<100, D46>0),12,IF(D46>0,2,0))) -> 0 | L46: =(E46+F46+G46+H46)-I46-J46-K46 -> 0
E47: =IF(AND(VALUE(B47)<100, D47>0),D47*0.5,D47*0.25) -> 0 | F47: =IF(P47="C",Q47,IF(AND(VALUE(B47)<100, D47>0),12,IF(D47>0,2,0))) -> 0 | L47: =(E47+F47+G47+H47)-I47-J47-K47 -> 0
D48: =SUM(D4:D47) -> 0 | E48: =SUM(E4:E47) -> 0 | F48: =SUM(F4:F47) -> 0 | G48: =SUM(G4:G47) -> 0 | H48: =SUM(H4:H47) -> 0 | I48: =SUM(I4:I47) -> 0 | J48: =SUM(J4:J47) -> 0 | K48: =SUM(K4:K47) -> 0 | ... N48: =SUM(N4:N47) -> 0

Sheet Sun AM
A1: Date | B1: ='Mon AM'!B1+6 -> 46124 | D1: Shift | E1: AM
B3: Car | C3: Driver | D3: Book | E3: Comm | F3: Radio | G3: NYC CF | H3: PA Fee | I3: CC | J3: DB | K3: Misc | L3: NTD | M3: Cash in/out | N3: Driver Short | O3: Notes
B4: 70 | C4: Alan C | E4: =IF(AND(VALUE(B4)<100, D4>0),D4*0.5,D4*0.25) -> 0 | F4: =IF(P4="C",Q4,IF(AND(VALUE(B4)<100, D4>0),12,IF(D4>0,2,0))) -> 0 | L4: =(E4+F4+G4+H4)-I4-J4-K4 -> 0 | R4: Total Book | S4: =D48 -> 0
B5: 20 | C5: Hammad 125 | E5: =IF(AND(VALUE(B5)<100, D5>0),D5*0.5,D5*0.25) -> 0 | F5: =IF(P5="C",Q5,IF(AND(VALUE(B5)<100, D5>0),12,IF(D5>0,2,0))) -> 0 | L5: =(E5+F5+G5+H5)-I5-J5-K5 -> 0 | R5: Comp Comm | S5: =E48 -> 0
B6: 114 | C6: Ash 114 | E6: =IF(AND(VALUE(B6)<100, D6>0),D6*0.5,D6*0.25) -> 0 | F6: =IF(P6="C",Q6,IF(AND(VALUE(B6)<100, D6>0),12,IF(D6>0,2,0))) -> 0 | L6: =(E6+F6+G6+H6)-I6-J6-K6 -> 0 | Q6: 6 | R6: Radio | S6: =F48 -> 0
B7: 326 | C7: Obaydou 326 | E7: =IF(AND(VALUE(B7)<100, D7>0),D7*0.5,D7*0.25) -> 0 | F7: =IF(P7="C",Q7,IF(AND(VALUE(B7)<100, D7>0),12,IF(D7>0,2,0))) -> 0 | L7: =(E7+F7+G7+H7)-I7-J7-K7 -> 0 | Q7: 6 | R7: NYC CF | S7: =G48 -> 0
B8: 33 | C8: Adnan | E8: =IF(AND(VALUE(B8)<100, D8>0),D8*0.5,D8*0.25) -> 0 | F8: =IF(P8="C",Q8,IF(AND(VALUE(B8)<100, D8>0),12,IF(D8>0,2,0))) -> 0 | L8: =(E8+F8+G8+H8)-I8-J8-K8 -> 0 | Q8: 6 | R8: PA Fee | S8: =H48 -> 0
B9: 176 | C9: Djilali 176 | E9: =IF(AND(VALUE(B9)<100, D9>0),D9*0.5,D9*0.25) -> 0 | F9: =IF(P9="C",Q9,IF(AND(VALUE(B9)<100, D9>0),12,IF(D9>0,2,0))) -> 0 | L9: =(E9+F9+G9+H9)-I9-J9-K9 -> 0 | Q9: 6 | R9: CC | S9: =I48 -> 0
B10: 80 | C10: Alvis | E10: =IF(AND(VALUE(B10)<100, D10>0),D10*0.5,D10*0.25) -> 0 | F10: =IF(P10="C",Q10,IF(AND(VALUE(B10)<100, D10>0),12,IF(D10>0,2,0))) -> 0 | L10: =(E10+F10+G10+H10)-I10-J10-K10 -> 0 | Q10: 0 | R10: DB | S10: =J48 -> 0
B11: 133 | C11: Bobby 133 | E11: =IF(AND(VALUE(B11)<100, D11>0),D11*0.5,D11*0.25) -> 0 | F11: =IF(P11="C",Q11,IF(AND(VALUE(B11)<100, D11>0),12,IF(D11>0,2,0))) -> 0 | L11: =(E11+F11+G11+H11)-I11-J11-K11 -> 0 | R11: Misc | S11: =K48 -> 0
B12: 7 | C12: Darir | E12: =IF(AND(VALUE(B12)<100, D12>0),D12*0.5,D12*0.25) -> 0 | F12: =IF(P12="C",Q12,IF(AND(VALUE(B12)<100, D12>0),12,IF(D12>0,2,0))) -> 0 | L12: =(E12+F12+G12+H12)-I12-J12-K12 -> 0 | Q12: 6 | R12: Driver Short | S12: =N48 -> 0
B13: 122 | C13: Anas 122 | E13: =IF(AND(VALUE(B13)<100, D13>0),D13*0.5,D13*0.25) -> 0 | F13: =IF(P13="C",Q13,IF(AND(VALUE(B13)<100, D13>0),12,IF(D13>0,2,0))) -> 0 | L13: =(E13+F13+G13+H13)-I13-J13-K13 -> 0 | Q13: 0 | S13: =S5+S6+S7-S9-S10-S11-S12 -> 0
B14: 88 | C14: Ayad | E14: =IF(AND(VALUE(B14)<100, D14>0),D14*0.5,D14*0.25) -> 0 | F14: =IF(P14="C",Q14,IF(AND(VALUE(B14)<100, D14>0),12,IF(D14>0,2,0))) -> 0 | L14: =(E14+F14+G14+H14)-I14-J14-K14 -> 0 | Q14: 0 | R14: Cash | S14: =M48 -> 0
B15: 96 | C15: Esmail | E15: =IF(AND(VALUE(B15)<100, D15>0),D15*0.5,D15*0.25) -> 0 | F15: =IF(P15="C",Q15,IF(AND(VALUE(B15)<100, D15>0),12,IF(D15>0,2,0))) -> 0 | L15: =(E15+F15+G15+H15)-I15-J15-K15 -> 0
B16: 26 | C16: Gus | E16: =IF(AND(VALUE(B16)<100, D16>0),D16*0.5,D16*0.25) -> 0 | F16: =IF(P16="C",Q16,IF(AND(VALUE(B16)<100, D16>0),12,IF(D16>0,2,0))) -> 0 | L16: =(E16+F16+G16+H16)-I16-J16-K16 -> 0 | Q16: 6
B17: 11 | C17: Hashem | E17: =IF(AND(VALUE(B17)<100, D17>0),D17*0.5,D17*0.25) -> 0 | F17: =IF(P17="C",Q17,IF(AND(VALUE(B17)<100, D17>0),12,IF(D17>0,2,0))) -> 0 | L17: =(E17+F17+G17+H17)-I17-J17-K17 -> 0 | Q17: 6
B18: 27 | C18: Hassan | E18: =IF(AND(VALUE(B18)<100, D18>0),D18*0.5,D18*0.25) -> 0 | F18: =IF(P18="C",Q18,IF(AND(VALUE(B18)<100, D18>0),12,IF(D18>0,2,0))) -> 0 | L18: =(E18+F18+G18+H18)-I18-J18-K18 -> 0 | Q18: 0 | R18: House Cars | S18: {=SUMPRODUCT((VALUE(B4:B47)<100)*(D4:D47>0))} -> 0
B19: 33 | C19: Ihab | E19: =IF(AND(VALUE(B19)<100, D19>0),D19*0.5,D19*0.25) -> 0 | F19: =IF(P19="C",Q19,IF(AND(VALUE(B19)<100, D19>0),12,IF(D19>0,2,0))) -> 0 | L19: =(E19+F19+G19+H19)-I19-J19-K19 -> 0 | Q19: 0 | R19: Private Cars | S19: {=SUMPRODUCT((VALUE(B4:B47)>100)*(D4:D47>0))} -> 0
B20: 77 | C20: Kim | E20: =IF(AND(VALUE(B20)<100, D20>0),D20*0.5,D20*0.25) -> 0 | F20: =IF(P20="C",Q20,IF(AND(VALUE(B20)<100, D20>0),12,IF(D20>0,2,0))) -> 0 | L20: =(E20+F20+G20+H20)-I20-J20-K20 -> 0 | Q20: 6 | R20: Total | S20: =S18+S19 -> 0
B21: 06 | C21: Ibrahim | E21: =IF(AND(VALUE(B21)<100, D21>0),D21*0.5,D21*0.25) -> 0 | F21: =IF(P21="C",Q21,IF(AND(VALUE(B21)<100, D21>0),12,IF(D21>0,2,0))) -> 0 | L21: =(E21+F21+G21+H21)-I21-J21-K21 -> 0 | Q21: 2
B22: 27 | C22: Nofal | E22: =IF(AND(VALUE(B22)<100, D22>0),D22*0.5,D22*0.25) -> 0 | F22: =IF(P22="C",Q22,IF(AND(VALUE(B22)<100, D22>0),12,IF(D22>0,2,0))) -> 0 | L22: =(E22+F22+G22+H22)-I22-J22-K22 -> 0 | Q22: 6
B23: 622 | C23: Joseph 622 | E23: =IF(AND(VALUE(B23)<100, D23>0),D23*0.5,D23*0.25) -> 0 | F23: =IF(P23="C",Q23,IF(AND(VALUE(B23)<100, D23>0),12,IF(D23>0,2,0))) -> 0 | L23: =(E23+F23+G23+H23)-I23-J23-K23 -> 0 | Q23: 6
B24: 01 | C24: Kamal | E24: =IF(AND(VALUE(B24)<100, D24>0),D24*0.5,D24*0.25) -> 0 | F24: =IF(P24="C",Q24,IF(AND(VALUE(B24)<100, D24>0),12,IF(D24>0,2,0))) -> 0 | L24: =(E24+F24+G24+H24)-I24-J24-K24 -> 0 | Q24: 6
B25: 55 | C25: Karlo | E25: =IF(AND(VALUE(B25)<100, D25>0),D25*0.5,D25*0.25) -> 0 | F25: =IF(P25="C",Q25,IF(AND(VALUE(B25)<100, D25>0),12,IF(D25>0,2,0))) -> 0 | L25: =(E25+F25+G25+H25)-I25-J25-K25 -> 0 | Q25: 6
B26: 77 | C26: Hesham | E26: =IF(AND(VALUE(B26)<100, D26>0),D26*0.5,D26*0.25) -> 0 | F26: =IF(P26="C",Q26,IF(AND(VALUE(B26)<100, D26>0),12,IF(D26>0,2,0))) -> 0 | L26: =(E26+F26+G26+H26)-I26-J26-K26 -> 0
B27: 77 | C27: Khaled | E27: =IF(AND(VALUE(B27)<100, D27>0),D27*0.5,D27*0.25) -> 0 | F27: =IF(P27="C",Q27,IF(AND(VALUE(B27)<100, D27>0),12,IF(D27>0,2,0))) -> 0 | L27: =(E27+F27+G27+H27)-I27-J27-K27 -> 0 | Q27: 0 | T27: 1
B28: 844 | C28: Khodr 844 | E28: =IF(AND(VALUE(B28)<100, D28>0),D28*0.5,D28*0.25) -> 0 | F28: =IF(P28="C",Q28,IF(AND(VALUE(B28)<100, D28>0),12,IF(D28>0,2,0))) -> 0 | L28: =(E28+F28+G28+H28)-I28-J28-K28 -> 0 | Q28: 0
B29: 644 | C29: Muhiddin 644 | E29: =IF(AND(VALUE(B29)<100, D29>0),D29*0.5,D29*0.25) -> 0 | F29: =IF(P29="C",Q29,IF(AND(VALUE(B29)<100, D29>0),12,IF(D29>0,2,0))) -> 0 | L29: =(E29+F29+G29+H29)-I29-J29-K29 -> 0 | Q29: 6
B30: 109 | C30: Nasser 109 | E30: =IF(AND(VALUE(B30)<100, D30>0),D30*0.5,D30*0.25) -> 0 | F30: =IF(P30="C",Q30,IF(AND(VALUE(B30)<100, D30>0),12,IF(D30>0,2,0))) -> 0 | L30: =(E30+F30+G30+H30)-I30-J30-K30 -> 0
B31: 25 | C31: Mustapha | E31: =IF(AND(VALUE(B31)<100, D31>0),D31*0.5,D31*0.25) -> 0 | F31: =IF(P31="C",Q31,IF(AND(VALUE(B31)<100, D31>0),12,IF(D31>0,2,0))) -> 0 | L31: =(E31+F31+G31+H31)-I31-J31-K31 -> 0 | Q31: 0
B32: 05 | C32: Nassim | E32: =IF(AND(VALUE(B32)<100, D32>0),D32*0.5,D32*0.25) -> 0 | F32: =IF(P32="C",Q32,IF(AND(VALUE(B32)<100, D32>0),12,IF(D32>0,2,0))) -> 0 | L32: =(E32+F32+G32+H32)-I32-J32-K32 -> 0 | Q32: 6
B33: 95 | C33: Sayed | E33: =IF(AND(VALUE(B33)<100, D33>0),D33*0.5,D33*0.25) -> 0 | F33: =IF(P33="C",Q33,IF(AND(VALUE(B33)<100, D33>0),12,IF(D33>0,2,0))) -> 0 | L33: =(E33+F33+G33+H33)-I33-J33-K33 -> 0 | Q33: 0
B34: 96 | C34: Rabah | E34: =IF(AND(VALUE(B34)<100, D34>0),D34*0.5,D34*0.25) -> 0 | F34: =IF(P34="C",Q34,IF(AND(VALUE(B34)<100, D34>0),12,IF(D34>0,2,0))) -> 0 | L34: =(E34+F34+G34+H34)-I34-J34-K34 -> 0
B35: 33 | C35: Rachid | E35: =IF(AND(VALUE(B35)<100, D35>0),D35*0.5,D35*0.25) -> 0 | F35: =IF(P35="C",Q35,IF(AND(VALUE(B35)<100, D35>0),12,IF(D35>0,2,0))) -> 0 | L35: =(E35+F35+G35+H35)-I35-J35-K35 -> 0 | Q35: 6
B36: 510 | C36: Samuel 510 | E36: =IF(AND(VALUE(B36)<100, D36>0),D36*0.5,D36*0.25) -> 0 | F36: =IF(P36="C",Q36,IF(AND(VALUE(B36)<100, D36>0),12,IF(D36>0,2,0))) -> 0 | L36: =(E36+F36+G36+H36)-I36-J36-K36 -> 0
B37: 132 | C37: Samir 132 | E37: =IF(AND(VALUE(B37)<100, D37>0),D37*0.5,D37*0.25) -> 0 | F37: =IF(P37="C",Q37,IF(AND(VALUE(B37)<100, D37>0),12,IF(D37>0,2,0))) -> 0 | L37: =(E37+F37+G37+H37)-I37-J37-K37 -> 0 | P37: c
B38: 137 | C38: Osama 137 | E38: =IF(AND(VALUE(B38)<100, D38>0),D38*0.5,D38*0.25) -> 0 | F38: =IF(P38="C",Q38,IF(AND(VALUE(B38)<100, D38>0),12,IF(D38>0,2,0))) -> 0 | L38: =(E38+F38+G38+H38)-I38-J38-K38 -> 0 | Q38: 0
B39: 11 | C39: Shalaby | E39: =IF(AND(VALUE(B39)<100, D39>0),D39*0.5,D39*0.25) -> 0 | F39: =IF(P39="C",Q39,IF(AND(VALUE(B39)<100, D39>0),12,IF(D39>0,2,0))) -> 0 | L39: =(E39+F39+G39+H39)-I39-J39-K39 -> 0 | Q39: 6
B40: 18 | C40: Hegazy | E40: =IF(AND(VALUE(B40)<100, D40>0),D40*0.5,D40*0.25) -> 0 | F40: =IF(P40="C",Q40,IF(AND(VALUE(B40)<100, D40>0),12,IF(D40>0,2,0))) -> 0 | L40: =(E40+F40+G40+H40)-I40-J40-K40 -> 0 | Q40: 6
B41: 169 | C41: Tariq 169 | E41: =IF(AND(VALUE(B41)<100, D41>0),D41*0.5,D41*0.25) -> 0 | F41: =IF(P41="C",Q41,IF(AND(VALUE(B41)<100, D41>0),12,IF(D41>0,2,0))) -> 0 | L41: =(E41+F41+G41+H41)-I41-J41-K41 -> 0
B42: 610 | C42: Rizwan 610 | E42: =IF(AND(VALUE(B42)<100, D42>0),D42*0.5,D42*0.25) -> 0 | F42: =IF(P42="C",Q42,IF(AND(VALUE(B42)<100, D42>0),12,IF(D42>0,2,0))) -> 0 | L42: =(E42+F42+G42+H42)-I42-J42-K42 -> 0
B43: 99 | C43: Willy | E43: =IF(AND(VALUE(B43)<100, D43>0),D43*0.5,D43*0.25) -> 0 | F43: =IF(P43="C",Q43,IF(AND(VALUE(B43)<100, D43>0),12,IF(D43>0,2,0))) -> 0 | L43: =(E43+F43+G43+H43)-I43-J43-K43 -> 0
B44: 012 | C44: Ragueb | E44: =IF(AND(VALUE(B44)<100, D44>0),D44*0.5,D44*0.25) -> 0 | F44: =IF(P44="C",Q44,IF(AND(VALUE(B44)<100, D44>0),12,IF(D44>0,2,0))) -> 0 | L44: =(E44+F44+G44+H44)-I44-J44-K44 -> 0 | Q44: 6
B45: 15 | C45: Yousef | E45: =IF(AND(VALUE(B45)<100, D45>0),D45*0.5,D45*0.25) -> 0 | F45: =IF(P45="C",Q45,IF(AND(VALUE(B45)<100, D45>0),12,IF(D45>0,2,0))) -> 0 | L45: =(E45+F45+G45+H45)-I45-J45-K45 -> 0
B46: 44 | C46: Rushdi | E46: =IF(AND(VALUE(B46)<100, D46>0),D46*0.5,D46*0.25) -> 0 | F46: =IF(P46="C",Q46,IF(AND(VALUE(B46)<100, D46>0),12,IF(D46>0,2,0))) -> 0 | L46: =(E46+F46+G46+H46)-I46-J46-K46 -> 0 | Q46: 0
E47: =IF(AND(VALUE(B47)<100, D47>0),D47*0.5,D47*0.25) -> 0 | F47: =IF(P47="C",Q47,IF(AND(VALUE(B47)<100, D47>0),12,IF(D47>0,2,0))) -> 0 | L47: =(E47+F47+G47+H47)-I47-J47-K47 -> 0 | Q47: 6
D48: =SUM(D4:D47) -> 0 | E48: =SUM(E4:E47) -> 0 | F48: =SUM(F4:F47) -> 0 | G48: =SUM(G4:G47) -> 0 | H48: =SUM(H4:H47) -> 0 | I48: =SUM(I4:I47) -> 0 | J48: =SUM(J4:J47) -> 0 | K48: =SUM(K4:K47) -> 0 | ... N48: =SUM(N4:N47) -> 0

Sheet Sun PM
A1: Date | B1: ='Mon AM'!B1+6 -> 46124 | D1: Shift | E1: PM
B3: Car | C3: Driver | D3: Book | E3: Comm | F3: Radio | G3: NYC CF | H3: PA Fee | I3: CC | J3: DB | K3: Misc | L3: NTD | M3: Cash in/out | N3: Driver Short | O3: Notes
B4: 138 | C4: Akram 138 | E4: =IF(AND(VALUE(B4)<100, D4>0),D4*0.5,D4*0.25) -> 0 | F4: =IF(P4="C",Q4,IF(AND(VALUE(B4)<100, D4>0),12,IF(D4>0,2,0))) -> 0 | L4: =(E4+F4+G4+H4)-I4-J4-K4 -> 0 | P4: c | Q4: 0 | R4: Total Book | S4: =D48 -> 0
B5: 277 | C5: Nasser 277 | E5: =IF(AND(VALUE(B5)<100, D5>0),D5*0.5,D5*0.25) -> 0 | F5: =IF(P5="C",Q5,IF(AND(VALUE(B5)<100, D5>0),12,IF(D5>0,2,0))) -> 0 | L5: =(E5+F5+G5+H5)-I5-J5-K5 -> 0 | Q5: 6 | R5: Comp Comm | S5: =E48 -> 0
B6: 667 | C6: Abid 667 | E6: =IF(AND(VALUE(B6)<100, D6>0),D6*0.5,D6*0.25) -> 0 | F6: =IF(P6="C",Q6,IF(AND(VALUE(B6)<100, D6>0),12,IF(D6>0,2,0))) -> 0 | L6: =(E6+F6+G6+H6)-I6-J6-K6 -> 0 | Q6: 0 | R6: Radio | S6: =F48 -> 0
B7: 70 | C7: Alhassan | E7: =IF(AND(VALUE(B7)<100, D7>0),D7*0.5,D7*0.25) -> 0 | F7: =IF(P7="C",Q7,IF(AND(VALUE(B7)<100, D7>0),12,IF(D7>0,2,0))) -> 0 | L7: =(E7+F7+G7+H7)-I7-J7-K7 -> 0 | R7: NYC CF | S7: =G48 -> 0
B8: 210 | C8: Boumadian | E8: =IF(AND(VALUE(B8)<100, D8>0),D8*0.5,D8*0.25) -> 0 | F8: =IF(P8="C",Q8,IF(AND(VALUE(B8)<100, D8>0),12,IF(D8>0,2,0))) -> 0 | L8: =(E8+F8+G8+H8)-I8-J8-K8 -> 0 | Q8: 0 | R8: PA Fee | S8: =H48 -> 0
B9: 012 | C9: Hamed | E9: =IF(AND(VALUE(B9)<100, D9>0),D9*0.5,D9*0.25) -> 0 | F9: =IF(P9="C",Q9,IF(AND(VALUE(B9)<100, D9>0),12,IF(D9>0,2,0))) -> 0 | L9: =(E9+F9+G9+H9)-I9-J9-K9 -> 0 | Q9: 6 | R9: CC | S9: =I48 -> 0
B10: 44 | C10: Cono | E10: =IF(AND(VALUE(B10)<100, D10>0),D10*0.5,D10*0.25) -> 0 | F10: =IF(P10="C",Q10,IF(AND(VALUE(B10)<100, D10>0),12,IF(D10>0,2,0))) -> 0 | L10: =(E10+F10+G10+H10)-I10-J10-K10 -> 0 | Q10: 0 | R10: DB | S10: =J48 -> 0
B11: 15 | C11: Hamdy | E11: =IF(AND(VALUE(B11)<100, D11>0),D11*0.5,D11*0.25) -> 0 | F11: =IF(P11="C",Q11,IF(AND(VALUE(B11)<100, D11>0),12,IF(D11>0,2,0))) -> 0 | L11: =(E11+F11+G11+H11)-I11-J11-K11 -> 0 | Q11: 6 | R11: Misc | S11: =K48 -> 0
B12: 11 | C12: Reda | E12: =IF(AND(VALUE(B12)<100, D12>0),D12*0.5,D12*0.25) -> 0 | F12: =IF(P12="C",Q12,IF(AND(VALUE(B12)<100, D12>0),12,IF(D12>0,2,0))) -> 0 | L12: =(E12+F12+G12+H12)-I12-J12-K12 -> 0 | Q12: 0 | R12: Driver Short | S12: =N48 -> 0
B13: 012 | C13: Hosari | E13: =IF(AND(VALUE(B13)<100, D13>0),D13*0.5,D13*0.25) -> 0 | F13: =IF(P13="C",Q13,IF(AND(VALUE(B13)<100, D13>0),12,IF(D13>0,2,0))) -> 0 | L13: =(E13+F13+G13+H13)-I13-J13-K13 -> 0 | Q13: 0 | S13: =S5+S6+S7-S9-S10-S11-S12 -> 0
B14: 44 | C14: Divakar | E14: =IF(AND(VALUE(B14)<100, D14>0),D14*0.5,D14*0.25) -> 0 | F14: =IF(P14="C",Q14,IF(AND(VALUE(B14)<100, D14>0),12,IF(D14>0,2,0))) -> 0 | L14: =(E14+F14+G14+H14)-I14-J14-K14 -> 0 | Q14: 0 | R14: Cash | S14: =M48 -> 0
B15: 11 | C15: Hassan | E15: =IF(AND(VALUE(B15)<100, D15>0),D15*0.5,D15*0.25) -> 0 | F15: =IF(P15="C",Q15,IF(AND(VALUE(B15)<100, D15>0),12,IF(D15>0,2,0))) -> 0 | L15: =(E15+F15+G15+H15)-I15-J15-K15 -> 0
B16: 11 | C16: Johnny 120 | E16: =IF(AND(VALUE(B16)<100, D16>0),D16*0.5,D16*0.25) -> 0 | F16: =IF(P16="C",Q16,IF(AND(VALUE(B16)<100, D16>0),12,IF(D16>0,2,0))) -> 0 | L16: =(E16+F16+G16+H16)-I16-J16-K16 -> 0 | Q16: 6
B17: 02 | C17: Kuhali | E17: =IF(AND(VALUE(B17)<100, D17>0),D17*0.5,D17*0.25) -> 0 | F17: =IF(P17="C",Q17,IF(AND(VALUE(B17)<100, D17>0),12,IF(D17>0,2,0))) -> 0 | L17: =(E17+F17+G17+H17)-I17-J17-K17 -> 0 | Q17: 6
B18: 95 | C18: Maroc | E18: =IF(AND(VALUE(B18)<100, D18>0),D18*0.5,D18*0.25) -> 0 | F18: =IF(P18="C",Q18,IF(AND(VALUE(B18)<100, D18>0),12,IF(D18>0,2,0))) -> 0 | L18: =(E18+F18+G18+H18)-I18-J18-K18 -> 0 | P18: c | Q18: 0 | R18: House Cars | S18: {=SUMPRODUCT((VALUE(B4:B47)<100)*(D4:D47>0))} -> 0
B19: 18 | C19: Mourad | E19: =IF(AND(VALUE(B19)<100, D19>0),D19*0.5,D19*0.25) -> 0 | F19: =IF(P19="C",Q19,IF(AND(VALUE(B19)<100, D19>0),12,IF(D19>0,2,0))) -> 0 | L19: =(E19+F19+G19+H19)-I19-J19-K19 -> 0 | Q19: 0 | R19: Private Cars | S19: {=SUMPRODUCT((VALUE(B4:B47)>100)*(D4:D47>0))} -> 0
B20: 06 | C20: Peter | E20: =IF(AND(VALUE(B20)<100, D20>0),D20*0.5,D20*0.25) -> 0 | F20: =IF(P20="C",Q20,IF(AND(VALUE(B20)<100, D20>0),12,IF(D20>0,2,0))) -> 0 | L20: =(E20+F20+G20+H20)-I20-J20-K20 -> 0 | P20: c | Q20: 0 | R20: Total | S20: =S18+S19 -> 0
B21: 445 | C21: Sadiki 445 | E21: =IF(AND(VALUE(B21)<100, D21>0),D21*0.5,D21*0.25) -> 0 | F21: =IF(P21="C",Q21,IF(AND(VALUE(B21)<100, D21>0),12,IF(D21>0,2,0))) -> 0 | L21: =(E21+F21+G21+H21)-I21-J21-K21 -> 0 | P21: c | Q21: 0
B22: 95 | C22: Smail | E22: =IF(AND(VALUE(B22)<100, D22>0),D22*0.5,D22*0.25) -> 0 | F22: =IF(P22="C",Q22,IF(AND(VALUE(B22)<100, D22>0),12,IF(D22>0,2,0))) -> 0 | L22: =(E22+F22+G22+H22)-I22-J22-K22 -> 0 | Q22: 6
B23: 05 | C23: Soufiane | E23: =IF(AND(VALUE(B23)<100, D23>0),D23*0.5,D23*0.25) -> 0 | F23: =IF(P23="C",Q23,IF(AND(VALUE(B23)<100, D23>0),12,IF(D23>0,2,0))) -> 0 | L23: =(E23+F23+G23+H23)-I23-J23-K23 -> 0 | P23: c | Q23: 0
B24: 012 | C24: Tanios | E24: =IF(AND(VALUE(B24)<100, D24>0),D24*0.5,D24*0.25) -> 0 | F24: =IF(P24="C",Q24,IF(AND(VALUE(B24)<100, D24>0),12,IF(D24>0,2,0))) -> 0 | L24: =(E24+F24+G24+H24)-I24-J24-K24 -> 0
B25: 33 | C25: Zaki | E25: =IF(AND(VALUE(B25)<100, D25>0),D25*0.5,D25*0.25) -> 0 | F25: =IF(P25="C",Q25,IF(AND(VALUE(B25)<100, D25>0),12,IF(D25>0,2,0))) -> 0 | L25: =(E25+F25+G25+H25)-I25-J25-K25 -> 0 | Q25: 0
B26: 80 | C26: Madjid | E26: =IF(AND(VALUE(B26)<100, D26>0),D26*0.5,D26*0.25) -> 0 | F26: =IF(P26="C",Q26,IF(AND(VALUE(B26)<100, D26>0),12,IF(D26>0,2,0))) -> 0 | L26: =(E26+F26+G26+H26)-I26-J26-K26 -> 0 | Q26: 6
B27: 801 | C27: Saleh 801 | E27: =IF(AND(VALUE(B27)<100, D27>0),D27*0.5,D27*0.25) -> 0 | F27: =IF(P27="C",Q27,IF(AND(VALUE(B27)<100, D27>0),12,IF(D27>0,2,0))) -> 0 | L27: =(E27+F27+G27+H27)-I27-J27-K27 -> 0 | Q27: 6
B28: 665 | C28: Said 665 | E28: =IF(AND(VALUE(B28)<100, D28>0),D28*0.5,D28*0.25) -> 0 | F28: =IF(P28="C",Q28,IF(AND(VALUE(B28)<100, D28>0),12,IF(D28>0,2,0))) -> 0 | L28: =(E28+F28+G28+H28)-I28-J28-K28 -> 0 | Q28: 0 | T28: 1
B29: 662 | C29: Aly 662 | E29: =IF(AND(VALUE(B29)<100, D29>0),D29*0.5,D29*0.25) -> 0 | F29: =IF(P29="C",Q29,IF(AND(VALUE(B29)<100, D29>0),12,IF(D29>0,2,0))) -> 0 | L29: =(E29+F29+G29+H29)-I29-J29-K29 -> 0
B30: 125 | C30: Hammad 125 | E30: =IF(AND(VALUE(B30)<100, D30>0),D30*0.5,D30*0.25) -> 0 | F30: =IF(P30="C",Q30,IF(AND(VALUE(B30)<100, D30>0),12,IF(D30>0,2,0))) -> 0 | L30: =(E30+F30+G30+H30)-I30-J30-K30 -> 0
B31: 395 | C31: Alibrahim 395 | E31: =IF(AND(VALUE(B31)<100, D31>0),D31*0.5,D31*0.25) -> 0 | F31: =IF(P31="C",Q31,IF(AND(VALUE(B31)<100, D31>0),12,IF(D31>0,2,0))) -> 0 | L31: =(E31+F31+G31+H31)-I31-J31-K31 -> 0
B32: 434 | C32: Radwan 434 | E32: =IF(AND(VALUE(B32)<100, D32>0),D32*0.5,D32*0.25) -> 0 | F32: =IF(P32="C",Q32,IF(AND(VALUE(B32)<100, D32>0),12,IF(D32>0,2,0))) -> 0 | L32: =(E32+F32+G32+H32)-I32-J32-K32 -> 0
B33: 101 | C33: Helal 101 | E33: =IF(AND(VALUE(B33)<100, D33>0),D33*0.5,D33*0.25) -> 0 | F33: =IF(P33="C",Q33,IF(AND(VALUE(B33)<100, D33>0),12,IF(D33>0,2,0))) -> 0 | L33: =(E33+F33+G33+H33)-I33-J33-K33 -> 0
B34: 15 | C34: Sayah | E34: =IF(AND(VALUE(B34)<100, D34>0),D34*0.5,D34*0.25) -> 0 | F34: =IF(P34="C",Q34,IF(AND(VALUE(B34)<100, D34>0),12,IF(D34>0,2,0))) -> 0 | L34: =(E34+F34+G34+H34)-I34-J34-K34 -> 0
B35: 326 | C35: Obaydou 326 | E35: =IF(AND(VALUE(B35)<100, D35>0),D35*0.5,D35*0.25) -> 0 | F35: =IF(P35="C",Q35,IF(AND(VALUE(B35)<100, D35>0),12,IF(D35>0,2,0))) -> 0 | L35: =(E35+F35+G35+H35)-I35-J35-K35 -> 0
B36: 95 | C36: Rushdi | E36: =IF(AND(VALUE(B36)<100, D36>0),D36*0.5,D36*0.25) -> 0 | F36: =IF(P36="C",Q36,IF(AND(VALUE(B36)<100, D36>0),12,IF(D36>0,2,0))) -> 0 | L36: =(E36+F36+G36+H36)-I36-J36-K36 -> 0
E37: =IF(AND(VALUE(B37)<100, D37>0),D37*0.5,D37*0.25) -> 0 | F37: =IF(P37="C",Q37,IF(AND(VALUE(B37)<100, D37>0),12,IF(D37>0,2,0))) -> 0 | L37: =(E37+F37+G37+H37)-I37-J37-K37 -> 0
E38: =IF(AND(VALUE(B38)<100, D38>0),D38*0.5,D38*0.25) -> 0 | F38: =IF(P38="C",Q38,IF(AND(VALUE(B38)<100, D38>0),12,IF(D38>0,2,0))) -> 0 | L38: =(E38+F38+G38+H38)-I38-J38-K38 -> 0
C39: Curtis | E39: =IF(AND(VALUE(B39)<100, D39>0),D39*0.5,D39*0.25) -> 0 | F39: =IF(P39="C",Q39,IF(AND(VALUE(B39)<100, D39>0),12,IF(D39>0,2,0))) -> 0 | L39: =(E39+F39+G39+H39)-I39-J39-K39 -> 0
C40: May | E40: =IF(AND(VALUE(B40)<100, D40>0),D40*0.5,D40*0.25) -> 0 | F40: =IF(P40="C",Q40,IF(AND(VALUE(B40)<100, D40>0),12,IF(D40>0,2,0))) -> 0 | L40: =(E40+F40+G40+H40)-I40-J40-K40 -> 0
C41: Denise | E41: =IF(AND(VALUE(B41)<100, D41>0),D41*0.5,D41*0.25) -> 0 | F41: =IF(P41="C",Q41,IF(AND(VALUE(B41)<100, D41>0),12,IF(D41>0,2,0))) -> 0 | L41: =(E41+F41+G41+H41)-I41-J41-K41 -> 0
C42: Boss | E42: =IF(AND(VALUE(B42)<100, D42>0),D42*0.5,D42*0.25) -> 0 | F42: =IF(P42="C",Q42,IF(AND(VALUE(B42)<100, D42>0),12,IF(D42>0,2,0))) -> 0 | L42: =(E42+F42+G42+H42)-I42-J42-K42 -> 0
E43: =IF(AND(VALUE(B43)<100, D43>0),D43*0.5,D43*0.25) -> 0 | F43: =IF(P43="C",Q43,IF(AND(VALUE(B43)<100, D43>0),12,IF(D43>0,2,0))) -> 0 | L43: =(E43+F43+G43+H43)-I43-J43-K43 -> 0
E44: =IF(AND(VALUE(B44)<100, D44>0),D44*0.5,D44*0.25) -> 0 | F44: =IF(P44="C",Q44,IF(AND(VALUE(B44)<100, D44>0),12,IF(D44>0,2,0))) -> 0 | L44: =(E44+F44+G44+H44)-I44-J44-K44 -> 0
E45: =IF(AND(VALUE(B45)<100, D45>0),D45*0.5,D45*0.25) -> 0 | F45: =IF(P45="C",Q45,IF(AND(VALUE(B45)<100, D45>0),12,IF(D45>0,2,0))) -> 0 | L45: =(E45+F45+G45+H45)-I45-J45-K45 -> 0
E46: =IF(AND(VALUE(B46)<100, D46>0),D46*0.5,D46*0.25) -> 0 | F46: =IF(P46="C",Q46,IF(AND(VALUE(B46)<100, D46>0),12,IF(D46>0,2,0))) -> 0 | L46: =(E46+F46+G46+H46)-I46-J46-K46 -> 0
E47: =IF(AND(VALUE(B47)<100, D47>0),D47*0.5,D47*0.25) -> 0 | F47: =IF(P47="C",Q47,IF(AND(VALUE(B47)<100, D47>0),12,IF(D47>0,2,0))) -> 0 | L47: =(E47+F47+G47+H47)-I47-J47-K47 -> 0
D48: =SUM(D4:D47) -> 0 | E48: =SUM(E4:E47) -> 0 | F48: =SUM(F4:F47) -> 0 | G48: =SUM(G4:G47) -> 0 | H48: =SUM(H4:H47) -> 0 | I48: =SUM(I4:I47) -> 0 | J48: =SUM(J4:J47) -> 0 | K48: =SUM(K4:K47) -> 0 | ... N48: =SUM(N4:N47) -> 0

Sheet Weekly Summary
A2: # Trips | B2: ='Mon AM'!B1 -> 4/6 | G2: # Trips | H2: =B2+1 -> 46119 | M2: # Trips | N2: =B2+2 -> 46120
A3: 457 | B3: AM | C3: PM | D3: Total | G3: 493 | H3: AM | I3: PM | J3: Total | M3: 456 | N3: AM | O3: PM | P3: Total
A4: Gross Book | B4: ='Mon AM'!S4 -> 7479 | C4: ='Mon PM'!S4 -> 2789 | D4: =B4+C4 -> 10268 | G4: Gross Book | H4: ='Tues AM'!S4 -> 7097.94 | I4: ='Tues PM'!S4 -> 2872 | J4: =H4+I4 -> 9969.94 | M4: Gross Book | N4: ='Wed AM'!S4 -> 6991 | O4: ='Wed PM'!S4 -> 2731 | P4: =N4+O4 -> 9722
A5: Comp Comm | B5: ='Mon AM'!S5 -> 3382.75 | C5: ='Mon PM'!S5 -> 1304 | D5: =B5+C5 -> 4686.75 | E5: =D5/D4 -> 0.45644235 | G5: Comp Comm | H5: ='Tues AM'!S5 -> 3210.72 | I5: ='Tues PM'!S5 -> 1329.5 | J5: =H5+I5 -> 4540.22 | K5: =J5/J4 -> 0.45539091 | M5: Comp Comm | N5: ='Wed AM'!S5 -> 3143 | O5: ='Wed PM'!S5 -> 1258.5 | P5: =N5+O5 -> 4401.5 | Q5: =P5/P4 -> 0.45273606
A6: Radio | B6: ='Mon AM'!S6 -> 240 | C6: ='Mon PM'!S6 -> 96 | D6: =B6+C6 -> 336 | G6: Radio | H6: ='Tues AM'!S6 -> 254 | I6: ='Tues PM'!S6 -> 116 | J6: =H6+I6 -> 370 | M6: Radio | N6: ='Wed AM'!S6 -> 256 | O6: ='Wed PM'!S6 -> 104 | P6: =N6+O6 -> 360
A7: NYC CF | B7: ='Mon AM'!S7 -> 46.75 | C7: ='Mon PM'!S7 -> 13.75 | D7: =B7+C7 -> 60.5 | G7: NYC CF | H7: ='Tues AM'!S7 -> 71.5 | I7: ='Tues PM'!S7 -> 13.75 | J7: =H7+I7 -> 85.25 | M7: NYC CF | N7: ='Wed AM'!S7 -> 71.5 | O7: ='Wed PM'!S7 -> 16.5 | P7: =N7+O7 -> 88
A8: PA Fee | B8: ='Mon AM'!S8 -> 168.75 | C8: ='Mon PM'!S8 -> 72.25 | D8: =B8+C8 -> 241 | G8: PA Fee | H8: ='Tues AM'!S8 -> 124.25 | I8: ='Tues PM'!S8 -> 65.25 | J8: =H8+I8 -> 189.5 | M8: PA Fee | N8: ='Wed AM'!S8 -> 116.5 | O8: ='Wed PM'!S8 -> 68.75 | P8: =N8+O8 -> 185.25
A9: Gross Profit | B9: =B5+B6 -> 3622.75 | C9: =C5+C6 -> 1400 | D9: =B9+C9 -> 5022.75 | G9: Gross Profit | H9: =H5+H6 -> 3464.72 | I9: =I5+I6 -> 1445.5 | J9: =H9+I9 -> 4910.22 | M9: Gross Profit | N9: =N5+N6 -> 3399 | O9: =O5+O6 -> 1362.5 | P9: =N9+O9 -> 4761.5
A11: Credit Card | B11: ='Mon AM'!S9 -> 3395.58 | C11: ='Mon PM'!S9 -> 1037.39 | D11: =B11+C11 -> 4432.97 | G11: Credit Card | H11: ='Tues AM'!S9 -> 2384.24 | I11: ='Tues PM'!S9 -> 1137.23 | J11: =H11+I11 -> 3521.47 | M11: Credit Card | N11: ='Wed AM'!S9 -> 2165.56 | O11: ='Wed PM'!S9 -> 1054.92 | P11: =N11+O11 -> 3220.48
A12: Direct Bill | B12: ='Mon AM'!S10 -> 1138.18 | C12: ='Mon PM'!S10 -> 559.21 | D12: =B12+C12 -> 1697.39 | G12: Direct Bill | H12: ='Tues AM'!S10 -> 1122.09 | I12: ='Tues PM'!S10 -> 475.78 | J12: =H12+I12 -> 1597.87 | M12: Direct Bill | N12: ='Wed AM'!S10 -> 1470.84 | O12: ='Wed PM'!S10 -> 562.79 | P12: =N12+O12 -> 2033.63
A13: Misc | B13: ='Mon AM'!S11 -> 0 | C13: ='Mon PM'!S11 -> 0 | D13: =B13+C13 -> 0 | G13: Misc | H13: ='Tues AM'!S11 -> 17 | I13: ='Tues PM'!S11 -> 0 | J13: =H13+I13 -> 17 | M13: Misc | N13: ='Wed AM'!S11 -> 0 | O13: ='Wed PM'!S11 -> 14 | P13: =N13+O13 -> 14
A15: Net Cash | B15: =B9-B11-B12-B13 -> -911.01 | C15: =C9-C11-C12-C13 -> -196.6 | D15: =B15+C15 -> -1107.61 | G15: Net Cash | H15: =H9-H11-H12-H13 -> -58.61 | I15: =I9-I11-I12-I13 -> -167.51 | J15: =H15+I15 -> -226.12 | M15: Net Cash | N15: =N9-N11-N12-N13 -> -237.4 | O15: =O9-O11-O12-O13 -> -269.21 | P15: =N15+O15 -> -506.61
A16: Total Cash | B16: =B7+B15+B8 -> -695.51 | C16: =C7+C15+C8 -> -110.6 | D16: =B16+C16 -> -806.11 | G16: Total Cash | H16: =H7+H15+H8 -> 137.14 | I16: =I7+I15+I8 -> -88.51 | J16: =H16+I16 -> 48.63 | M16: Total Cash | N16: =N7+N15+N8 -> -49.4 | O16: =O7+O15+O8 -> -183.96 | P16: =N16+O16 -> -233.36
A20: # Trips | B20: =B2+3 -> 46121 | G20: # Trips | H20: =B2+4 -> 46122 | M20: # Trips | N20: =B2+5 -> 46123
A21: 522 | B21: AM | C21: PM | D21: Total | G21: 480 | H21: AM | I21: PM | J21: Total | N21: AM | O21: PM | P21: Total
A22: Gross Book | B22: ='Thurs AM'!S4 -> 8099.25 | C22: ='Thurs PM'!S4 -> 2955 | D22: =B22+C22 -> 11054.25 | G22: Gross Book | H22: ='Fri AM'!S4 -> 6131.5 | I22: ='Fri PM'!S4 -> 3148 | J22: =H22+I22 -> 9279.5 | M22: Gross Book | N22: ='Sat AM'!S4 -> 0 | O22: ='Sat PM'!S4 -> 0 | P22: =N22+O22 -> 0
A23: Comp Comm | B23: ='Thurs AM'!S5 -> 3662.125 | C23: ='Thurs PM'!S5 -> 1343.75 | D23: =B23+C23 -> 5005.875 | E23: =D23/D22 -> 0.45284619 | G23: Comp Comm | H23: ='Fri AM'!S5 -> 2825.5 | I23: ='Fri PM'!S5 -> 1429.75 | J23: =H23+I23 -> 4255.25 | K23: =J23/J22 -> 0.45856458 | M23: Comp Comm | N23: ='Sat AM'!S5 -> 0 | O23: ='Sat PM'!S5 -> 0 | P23: =N23+O23 -> 0 | Q23: =P23/P22 -> #DIV/0!
A24: Radio | B24: ='Thurs AM'!S6 -> 254 | C24: ='Thurs PM'!S6 -> 110 | D24: =B24+C24 -> 364 | G24: Radio | H24: ='Fri AM'!S6 -> 254 | I24: ='Fri PM'!S6 -> 120 | J24: =H24+I24 -> 374 | M24: Radio | N24: ='Sat AM'!S6 -> 0 | O24: ='Sat PM'!S6 -> 0 | P24: =N24+O24 -> 0
A25: NYC CF | B25: ='Thurs AM'!S7 -> 57.75 | C25: ='Thurs PM'!S7 -> 19.25 | D25: =B25+C25 -> 77 | G25: NYC GF | H25: ='Fri AM'!S7 -> 46.75 | I25: ='Fri PM'!S7 -> 24.75 | J25: =H25+I25 -> 71.5 | M25: NYC CF | N25: ='Sat AM'!S7 -> 0 | O25: ='Sat PM'!S7 -> 0 | P25: =N25+O25 -> 0
A26: PA Fee | B26: ='Thurs AM'!S8 -> 148.5 | C26: ='Thurs PM'!S8 -> 41.5 | D26: =B26+C26 -> 190 | G26: PA Fee | H26: ='Fri AM'!S8 -> 65.75 | I26: ='Fri PM'!S8 -> 59.25 | J26: =H26+I26 -> 125 | M26: PA Fee | N26: ='Sat AM'!S8 -> 0 | O26: ='Sat PM'!S8 -> 0 | P26: =N26+O26 -> 0
A27: Gross Profit | B27: =B23+B24 -> 3916.125 | C27: =C23+C24 -> 1453.75 | D27: =B27+C27 -> 5369.875 | G27: Gross Profit | H27: =H23+H24 -> 3079.5 | I27: =I23+I24 -> 1549.75 | J27: =H27+I27 -> 4629.25 | M27: Gross Profit | N27: =N23+N24 -> 0 | O27: =O23+O24 -> 0 | P27: =N27+O27 -> 0
A29: Credit Card | B29: ='Thurs AM'!S9 -> 2719.28 | C29: ='Thurs PM'!S9 -> 1030.44 | D29: =B29+C29 -> 3749.72 | G29: Credit Card | H29: ='Fri AM'!S9 -> 2079.69 | I29: ='Fri PM'!S9 -> 1428.82 | J29: =H29+I29 -> 3508.51 | M29: Credit Card | N29: ='Sat AM'!S9 -> 0 | O29: ='Sat PM'!S9 -> 0 | P29: =N29+O29 -> 0
A30: Direct Bill | B30: ='Thurs AM'!S10 -> 1962.12 | C30: ='Thurs PM'!S10 -> 366.07 | D30: =B30+C30 -> 2328.19 | G30: Direct Bill | H30: ='Fri AM'!S10 -> 747.99 | I30: ='Fri PM'!S10 -> 506.81 | J30: =H30+I30 -> 1254.8 | M30: Direct Bill | N30: ='Sat AM'!S10 -> 0 | O30: ='Sat PM'!S10 -> 0 | P30: =N30+O30 -> 0
A31: Misc | B31: ='Thurs AM'!S11 -> 0 | C31: ='Thurs PM'!S11 -> 0 | D31: =B31+C31 -> 0 | G31: Misc | H31: ='Fri AM'!S11 -> 75 | I31: ='Fri PM'!S11 -> 0 | J31: =H31+I31 -> 75 | M31: Misc | N31: ='Sat AM'!S11 -> 0 | O31: ='Sat PM'!S11 -> 0 | P31: =N31+O31 -> 0
A33: Net Cash | B33: =B27-B29-B30-B31 -> -765.275 | C33: =C27-C29-C30-C31 -> 57.24 | D33: =B33+C33 -> -708.035 | G33: Net Cash | H33: =H27-H29-H30-H31 -> 176.82 | I33: =I27-I29-I30-I31 -> -385.88 | J33: =H33+I33 -> -209.06 | M33: Net Cash | N33: =N27-N29-N30-N31 -> 0 | O33: =O27-O29-O30-O31 -> 0 | P33: =N33+O33 -> 0
A34: Total Cash | B34: =B25+B33+B26 -> -559.025 | C34: =C25+C33+C26 -> 117.99 | D34: =B34+C34 -> -441.035 | G34: Total Cash | H34: =H25+H33+H26 -> 289.32 | I34: =I25+I33+I26 -> -301.88 | J34: =H34+I34 -> -12.56 | M34: Total Cash | N34: =N25+N33+N26 -> 0 | O34: =O25+O33+O26 -> 0 | P34: =N34+O34 -> 0
A38: # Trips | B38: =B2+6 -> 46124 | H38: Weekly Summary | J38: # Trips
B39: AM | C39: PM | D39: Total | J39: =A3+G3+M3+A21+G21+M21+A39 -> 2408
A40: Gross Book | B40: ='Sun AM'!S4 -> 0 | C40: ='Sun PM'!S4 -> 0 | D40: =B40+C40 -> 0 | H40: Gross Book | I40: =D4+J4+P4+D22+J22+P22+D40 -> 50293.69
A41: Comp Comm | B41: ='Sun AM'!S5 -> 0 | C41: ='Sun PM'!S5 -> 0 | D41: =B41+C41 -> 0 | E41: =D41/D40 -> #DIV/0! | H41: Comp Comm | I41: =D5+J5+P5+D23+J23+P23+D41 -> 22889.595 | J41: =I41/I40 -> 0.45511862
A42: Radio | B42: ='Sun AM'!S6 -> 0 | C42: ='Sun PM'!S6 -> 0 | D42: =B42+C42 -> 0 | H42: Radio | I42: =D6+J6+P6+D24+J24+P24+D42 -> 1804
A43: NYC CF | B43: ='Sun AM'!S7 -> 0 | C43: ='Sun PM'!S7 -> 0 | D43: =B43+C43 -> 0 | H43: NYC CF | I43: =D7+J7+P7+D25+J25+P25+D43 -> 382.25
A44: PA Fee | B44: ='Sun AM'!S8 -> 0 | C44: ='Sun PM'!S8 -> 0 | D44: =B44+C44 -> 0 | H44: PA Fee | I44: =D8+J8+P8+D26+J26+P26+D44 -> 930.75
A45: Gross Profit | B45: =B41+B42 -> 0 | C45: =C41+C42 -> 0 | D45: =B45+C45 -> 0 | H45: Gross Profit | I45: =D9+J9+P9+D27+J27+P27+D45 -> 24693.595
A47: Credit Card | B47: ='Sun AM'!S9 -> 0 | C47: ='Sun PM'!S9 -> 0 | D47: =B47+C47 -> 0 | H47: Credit Card | I47: =D11+J11+P11+D29+J29+P29+D47 -> 18433.15
A48: Direct Bill | B48: ='Sun AM'!S10 -> 0 | C48: ='Sun PM'!S10 -> 0 | D48: =B48+C48 -> 0 | H48: Direct Bill | I48: =D12+J12+P12+D30+J30+P30+D48 -> 8911.88
A49: Misc | B49: ='Sun AM'!S11 -> 0 | C49: ='Sun PM'!S11 -> 0 | D49: =B49+C49 -> 0 | H49: Misc | I49: =D13+J13+P13+D31+J31+P31+D49 -> 106
A51: Net Cash | B51: =B45-B47-B48-B49 -> 0 | C51: =C45-C47-C48-C49 -> 0 | D51: =B51+C51 -> 0 | H51: Net Cash | I51: =D15+J15+P15+D33+J33+P33+D51 -> -2757.435
A52: Total Cash | B52: =B43+B51+B44 -> 0 | C52: =C43+C51+C44 -> 0 | D52: =B52+C52 -> 0 | H52: Total Cash | I52: =D16+J16+P16+D34+J34+P34+D52 -> -1444.435 | J52: Includes NYC CF
N56: `

Sheet Weekly Gross
A1: DATE | B1: SHIFT | C1: GROSS | D1: COMM | E1: RADIO | F1: TOTAL | G1: CC | H1: DB | I1: MISC | J1: CASH | K1: NYC CF | L1: PA FEE | M1: TOTAL CASH | N1: # CARS
N2: House | O2: Private
A3: ='Weekly Summary'!B2 -> 4/6 | B3: AM | C3: ='Weekly Summary'!B4 -> 7479 | D3: ='Weekly Summary'!B5 -> 3382.75 | E3: ='Weekly Summary'!B6 -> 240 | F3: =SUM(D3:E3) -> 3622.75 | G3: =-'Weekly Summary'!B11 -> -3395.58 | H3: =-'Weekly Summary'!B12 -> -1138.18 | I3: =-'Weekly Summary'!B13 -> 0 | J3: =SUM(F3:I3) -> -911.01 | K3: ='Weekly Summary'!B7 -> 46.75 | L3: ='Weekly Summary'!B8 -> 168.75 | M3: =SUM(J3:L3) -> -695.51 | N3: ='Mon AM'!S18 -> 19 | O3: ='Mon AM'!S19 -> 6
B4: PM | C4: ='Weekly Summary'!C4 -> 2789 | D4: ='Weekly Summary'!C5 -> 1304 | E4: ='Weekly Summary'!C6 -> 96 | F4: =SUM(D4:E4) -> 1400 | G4: =-'Weekly Summary'!C11 -> -1037.39 | H4: =-'Weekly Summary'!C12 -> -559.21 | I4: =-'Weekly Summary'!C13 -> 0 | J4: =SUM(F4:I4) -> -196.6 | K4: ='Weekly Summary'!C7 -> 13.75 | L4: ='Weekly Summary'!C8 -> 72.25 | M4: =SUM(J4:L4) -> -110.6 | N4: ='Mon PM'!S18 -> 8 | O4: ='Mon PM'!S19 -> 3
A6: TOTAL | C6: =SUM(C3:C5) -> 10268 | D6: =SUM(D3:D5) -> 4686.75 | E6: =SUM(E3:E5) -> 336 | F6: =SUM(F3:F5) -> 5022.75 | G6: =SUM(G3:G5) -> -4432.97 | H6: =SUM(H3:H5) -> -1697.39 | I6: =SUM(I3:I5) -> 0 | J6: =SUM(J3:J5) -> -1107.61 | ... M6: =SUM(M3:M5) -> -806.11 | Q6: ='Mon AM'!S14+'Mon PM'!S14 -> -829
D7: =D6/C6 -> 0.45644235 | N7: House | O7: Private
A8: =A3+1 -> 46119 | B8: AM | C8: ='Weekly Summary'!H4 -> 7097.94 | D8: ='Weekly Summary'!H5 -> 3210.72 | E8: ='Weekly Summary'!H6 -> 254 | F8: =SUM(D8:E8) -> 3464.72 | G8: =-'Weekly Summary'!H11 -> -2384.24 | H8: =-'Weekly Summary'!H12 -> -1122.09 | I8: =-'Weekly Summary'!H13 -> -17 | J8: =SUM(F8:I8) -> -58.61 | K8: ='Weekly Summary'!H7 -> 71.5 | L8: ='Weekly Summary'!H8 -> 124.25 | M8: =SUM(J8:L8) -> 137.14 | N8: ='Tues AM'!S18 -> 20 | O8: ='Tues AM'!S19 -> 7
B9: PM | C9: ='Weekly Summary'!I4 -> 2872 | D9: ='Weekly Summary'!I5 -> 1329.5 | E9: ='Weekly Summary'!I6 -> 116 | F9: =SUM(D9:E9) -> 1445.5 | G9: =-'Weekly Summary'!I11 -> -1137.23 | H9: =-'Weekly Summary'!I12 -> -475.78 | I9: =-'Weekly Summary'!I13 -> 0 | J9: =SUM(F9:I9) -> -167.51 | K9: ='Weekly Summary'!I7 -> 13.75 | L9: ='Weekly Summary'!I8 -> 65.25 | M9: =SUM(J9:L9) -> -88.51 | N9: ='Tues PM'!S18 -> 11 | O9: ='Tues PM'!S19 -> 4
A11: TOTAL | C11: =SUM(C8:C10) -> 9969.94 | D11: =SUM(D8:D10) -> 4540.22 | E11: =SUM(E8:E10) -> 370 | F11: =SUM(F8:F10) -> 4910.22 | G11: =SUM(G8:G10) -> -3521.47 | H11: =SUM(H8:H10) -> -1597.87 | I11: =SUM(I8:I10) -> -17 | J11: =SUM(J8:J10) -> -226.12 | ... M11: =SUM(M8:M10) -> 48.63 | Q11: ='Tues AM'!S14+'Tues PM'!S14 -> 15
D12: =D11/C11 -> 0.45539091 | N12: House | O12: Private
A13: =A3+2 -> 46120 | B13: AM | C13: ='Weekly Summary'!N4 -> 6991 | D13: ='Weekly Summary'!N5 -> 3143 | E13: ='Weekly Summary'!N6 -> 256 | F13: =SUM(D13:E13) -> 3399 | G13: =-'Weekly Summary'!N11 -> -2165.56 | H13: =-'Weekly Summary'!N12 -> -1470.84 | I13: =-'Weekly Summary'!N13 -> 0 | J13: =SUM(F13:I13) -> -237.4 | K13: ='Weekly Summary'!N7 -> 71.5 | L13: ='Weekly Summary'!N8 -> 116.5 | M13: =SUM(J13:L13) -> -49.4 | N13: ='Wed AM'!S18 -> 20 | O13: ='Wed AM'!S19 -> 8
B14: PM | C14: ='Weekly Summary'!O4 -> 2731 | D14: ='Weekly Summary'!O5 -> 1258.5 | E14: ='Weekly Summary'!O6 -> 104 | F14: =SUM(D14:E14) -> 1362.5 | G14: =-'Weekly Summary'!O11 -> -1054.92 | H14: =-'Weekly Summary'!O12 -> -562.79 | I14: =-'Weekly Summary'!O13 -> -14 | J14: =SUM(F14:I14) -> -269.21 | K14: ='Weekly Summary'!O7 -> 16.5 | L14: ='Weekly Summary'!O8 -> 68.75 | M14: =SUM(J14:L14) -> -183.96 | N14: ='Wed PM'!S18 -> 9 | O14: ='Wed PM'!S19 -> 4
A16: TOTAL | C16: =SUM(C13:C15) -> 9722 | D16: =SUM(D13:D15) -> 4401.5 | E16: =SUM(E13:E15) -> 360 | F16: =SUM(F13:F15) -> 4761.5 | G16: =SUM(G13:G15) -> -3220.48 | H16: =SUM(H13:H15) -> -2033.63 | I16: =SUM(I13:I15) -> -14 | J16: =SUM(J13:J15) -> -506.61 | ... M16: =SUM(M13:M15) -> -233.36 | Q16: ='Wed AM'!S14+'Wed PM'!S14 -> -251 | S16: =M6+M11+M16 -> -990.84
D17: =D16/C16 -> 0.45273606 | N17: House | O17: Private
A18: =A3+3 -> 46121 | B18: AM | C18: ='Weekly Summary'!B22 -> 8099.25 | D18: ='Weekly Summary'!B23 -> 3662.125 | E18: ='Weekly Summary'!B24 -> 254 | F18: =SUM(D18:E18) -> 3916.125 | G18: =-'Weekly Summary'!B29 -> -2719.28 | H18: =-'Weekly Summary'!B30 -> -1962.12 | I18: =-'Weekly Summary'!B31 -> 0 | J18: =SUM(F18:I18) -> -765.275 | K18: ='Weekly Summary'!B25 -> 57.75 | L18: ='Weekly Summary'!B26 -> 148.5 | M18: =SUM(J18:L18) -> -559.025 | N18: ='Thurs AM'!S18 -> 20 | O18: ='Thurs AM'!S19 -> 7
B19: PM | C19: ='Weekly Summary'!C22 -> 2955 | D19: ='Weekly Summary'!C23 -> 1343.75 | E19: ='Weekly Summary'!C24 -> 110 | F19: =SUM(D19:E19) -> 1453.75 | G19: =-'Weekly Summary'!C29 -> -1030.44 | H19: =-'Weekly Summary'!C30 -> -366.07 | I19: =-'Weekly Summary'!C31 -> 0 | J19: =SUM(F19:I19) -> 57.24 | K19: ='Weekly Summary'!C25 -> 19.25 | L19: ='Weekly Summary'!C26 -> 41.5 | M19: =SUM(J19:L19) -> 117.99 | N19: ='Thurs PM'!S18 -> 9 | O19: ='Thurs PM'!S19 -> 5
A21: TOTAL | C21: =SUM(C18:C20) -> 11054.25 | D21: =SUM(D18:D20) -> 5005.875 | E21: =SUM(E18:E20) -> 364 | F21: =SUM(F18:F20) -> 5369.875 | G21: =SUM(G18:G20) -> -3749.72 | H21: =SUM(H18:H20) -> -2328.19 | I21: =SUM(I18:I20) -> 0 | J21: =SUM(J18:J20) -> -708.035 | ... M21: =SUM(M18:M20) -> -441.035 | Q21: ='Thurs AM'!S14+'Thurs PM'!S14 -> -539
D22: =D21/C21 -> 0.45284619 | N22: House | O22: Private
A23: =A3+4 -> 46122 | B23: AM | C23: ='Weekly Summary'!H22 -> 6131.5 | D23: ='Weekly Summary'!H23 -> 2825.5 | E23: ='Weekly Summary'!H24 -> 254 | F23: =SUM(D23:E23) -> 3079.5 | G23: =-'Weekly Summary'!H29 -> -2079.69 | H23: =-'Weekly Summary'!H30 -> -747.99 | I23: =-'Weekly Summary'!H31 -> -75 | J23: =SUM(F23:I23) -> 176.82 | K23: ='Weekly Summary'!H25 -> 46.75 | L23: ='Weekly Summary'!H26 -> 65.75 | M23: =SUM(J23:L23) -> 289.32 | N23: ='Fri AM'!S18 -> 20 | O23: ='Fri AM'!S19 -> 7
B24: PM | C24: ='Weekly Summary'!I22 -> 3148 | D24: ='Weekly Summary'!I23 -> 1429.75 | E24: ='Weekly Summary'!I24 -> 120 | F24: =SUM(D24:E24) -> 1549.75 | G24: =-'Weekly Summary'!I29 -> -1428.82 | H24: =-'Weekly Summary'!I30 -> -506.81 | I24: =-'Weekly Summary'!I31 -> 0 | J24: =SUM(F24:I24) -> -385.88 | K24: ='Weekly Summary'!I25 -> 24.75 | L24: ='Weekly Summary'!I26 -> 59.25 | M24: =SUM(J24:L24) -> -301.88 | N24: ='Fri PM'!S18 -> 10 | O24: ='Fri PM'!S19 -> 3
A26: TOTAL | C26: =SUM(C23:C25) -> 9279.5 | D26: =SUM(D23:D25) -> 4255.25 | E26: =SUM(E23:E25) -> 374 | F26: =SUM(F23:F25) -> 4629.25 | G26: =SUM(G23:G25) -> -3508.51 | H26: =SUM(H23:H25) -> -1254.8 | I26: =SUM(I23:I25) -> -75 | J26: =SUM(J23:J25) -> -209.06 | ... M26: =SUM(M23:M25) -> -12.56 | Q26: ='Fri AM'!S14+'Fri PM'!S14 -> -14 | S26: =S16+M21+M26 -> -1444.435
D27: =D26/C26 -> 0.45856458 | N27: House | O27: Private
A28: =A3+5 -> 46123 | B28: AM | C28: ='Weekly Summary'!N22 -> 0 | D28: ='Weekly Summary'!N23 -> 0 | E28: ='Weekly Summary'!N24 -> 0 | F28: =SUM(D28:E28) -> 0 | G28: =-'Weekly Summary'!N29 -> 0 | H28: =-'Weekly Summary'!N30 -> 0 | I28: =-'Weekly Summary'!N31 -> 0 | J28: =SUM(F28:I28) -> 0 | K28: ='Weekly Summary'!N25 -> 0 | L28: ='Weekly Summary'!N26 -> 0 | M28: =SUM(J28:L28) -> 0 | N28: ='Sat AM'!S18 -> 0 | O28: ='Sat AM'!S19 -> 0
B29: PM | C29: ='Weekly Summary'!O22 -> 0 | D29: ='Weekly Summary'!O23 -> 0 | E29: ='Weekly Summary'!O24 -> 0 | F29: =SUM(D29:E29) -> 0 | G29: =-'Weekly Summary'!O29 -> 0 | H29: =-'Weekly Summary'!O30 -> 0 | I29: =-'Weekly Summary'!O31 -> 0 | J29: =SUM(F29:I29) -> 0 | K29: ='Weekly Summary'!O25 -> 0 | L29: ='Weekly Summary'!O26 -> 0 | M29: =SUM(J29:L29) -> 0 | N29: ='Sat PM'!S18 -> 0 | O29: ='Sat PM'!S19 -> 0
A31: TOTAL | C31: =SUM(C28:C30) -> 0 | D31: =SUM(D28:D30) -> 0 | E31: =SUM(E28:E30) -> 0 | F31: =SUM(F28:F30) -> 0 | G31: =SUM(G28:G30) -> 0 | H31: =SUM(H28:H30) -> 0 | I31: =SUM(I28:I30) -> 0 | J31: =SUM(J28:J30) -> 0 | ... M31: =SUM(M28:M30) -> 0 | Q31: ='Sat AM'!S14+'Sat PM'!S14 -> 0
D32: =D31/C31 -> #DIV/0! | N32: House | O32: Private
A33: =A3+6 -> 46124 | B33: AM | C33: ='Weekly Summary'!B40 -> 0 | D33: ='Weekly Summary'!B41 -> 0 | E33: ='Weekly Summary'!B42 -> 0 | F33: =SUM(D33:E33) -> 0 | G33: =-'Weekly Summary'!B47 -> 0 | H33: =-'Weekly Summary'!B48 -> 0 | I33: =-'Weekly Summary'!B49 -> 0 | J33: =SUM(F33:I33) -> 0 | K33: ='Weekly Summary'!B43 -> 0 | L33: ='Weekly Summary'!B44 -> 0 | M33: =SUM(J33:L33) -> 0 | N33: ='Sun AM'!S18 -> 0 | O33: ='Sun AM'!S19 -> 0 | R33: `
B34: PM | C34: ='Weekly Summary'!C40 -> 0 | D34: ='Weekly Summary'!C41 -> 0 | E34: ='Weekly Summary'!C42 -> 0 | F34: =SUM(D34:E34) -> 0 | G34: =-'Weekly Summary'!C47 -> 0 | H34: =-'Weekly Summary'!C48 -> 0 | I34: =-'Weekly Summary'!C49 -> 0 | J34: =SUM(F34:I34) -> 0 | K34: ='Weekly Summary'!C43 -> 0 | L34: ='Weekly Summary'!C44 -> 0 | M34: =SUM(J34:L34) -> 0 | N34: ='Sun PM'!S18 -> 0 | O34: ='Sun PM'!S19 -> 0
A36: TOTAL | C36: =SUM(C33:C35) -> 0 | D36: =SUM(D33:D35) -> 0 | E36: =SUM(E33:E35) -> 0 | F36: =SUM(F33:F35) -> 0 | G36: =SUM(G33:G35) -> 0 | H36: =SUM(H33:H35) -> 0 | I36: =SUM(I33:I35) -> 0 | J36: =SUM(J33:J35) -> 0 | ... M36: =SUM(M33:M35) -> 0 | Q36: ='Sun AM'!S14+'Sun PM'!S14 -> 0
D37: =D36/C36 -> #DIV/0!
A39: TOTAL | C39: =C6+C11+C16+C21+C26+C31+C36 -> 50293.69 | D39: =D6+D11+D16+D21+D26+D31+D36 -> 22889.595 | E39: =E6+E11+E16+E21+E26+E31+E36 -> 1804 | F39: =F6+F11+F16+F21+F26+F31+F36 -> 24693.595 | G39: =G6+G11+G16+G21+G26+G31+G36 -> -18433.15 | H39: =H6+H11+H16+H21+H26+H31+H36 -> -8911.88 | I39: =I6+I11+I16+I21+I26+I31+I36 -> -106 | J39: =J6+J11+J16+J21+J26+J31+J36 -> -2757.435 | ... M39: =M6+M11+M16+M21+M26+M31+M36 -> -1444.435
D40: =D39/C39 -> 0.45511862
M41: ='Mon AM'!S14+'Mon PM'!S14+'Tues AM'!S14+'Tues PM'!S14+'Wed AM'!S14+'Wed PM'!S14+'Fri AM'!S14+'Thurs PM'!S14+'Thurs AM'!S14+'Fri PM'!S14+'Sat AM'!S14+'Sat PM'!S14+'Sun AM'!S14+'Sun PM'!S14 -> -1618

Sheet Sheet1
J3: Driver | K3: Amount
B4: 1 | C4: x | D4: 100 | E4: =B4*D4 -> 100 | J4: Kamal | K4: 332
B5: 18 | C5: x | D5: 50 | E5: =B5*D5 -> 900 | J5: Willy | K5: 306 | O5: Esmail
B6: 68 | C6: x | D6: 20 | E6: =B6*D6 -> 1360 | J6: Alhassan | K6: 238 | O6: Hashem
B7: 1 | C7: x | D7: 10 | E7: =B7*D7 -> 10 | J7: Hashem | K7: 236 | O7: Alhassan
C8: x | D8: 5 | E8: =B8*D8 -> 0 | J8: Mustapha | K8: 232 | O8: Willy
B9: 4 | C9: x | D9: 1 | E9: =B9*D9 -> 4 | J9: Soufiane | K9: 184 | O9: Rachid
J10: Khaled | K10: 177 | O10: Khaled
B11: Total | E11: =SUM(E4:E9) -> 2374 | J11: Rachid | K11: 96 | O11: Sayah
J12: Esmail | K12: 75 | O12: Ihab
E13: ='Weekly Gross'!M41 -> -1618 | J13: Sayah | K13: 33 | O13: Kamal
J14: Ihab | K14: 10 | O14: Rushdi
E15: =E13-E11 -> -3992 | O15: Soufiane
O16: Mustapha
O17: Samir 132
O18: Hesham
F19: .
M20: =K31+E15 -> -2073
B21: 1 | C21: x | D21: 100 | E21: =B21*D21 -> 100
B22: 18 | C22: x | D22: 50 | E22: =B22*D22 -> 900
B23: 68 | C23: x | D23: 20 | E23: =B23*D23 -> 1360
B24: 1 | C24: x | D24: 10 | E24: =B24*D24 -> 10
C25: x | D25: 5 | E25: =B25*D25 -> 0
B26: 4 | C26: x | D26: 1 | E26: =B26*D26 -> 4
B28: Total | E28: =SUM(E21:E26) -> 2374
K31: =SUM(K4:K30) -> 1919

Sheet Sheet2
A1: Kamal | B1: 332
A2: Willy | B2: 306
A3: Alhassan | B3: 238 | G3: Esmail
A4: Hashem | B4: 236 | G4: Hashem
A5: Mustapha | B5: 232 | G5: Alhassan
A6: Soufiane | B6: 184 | G6: Willy
A7: Khaled | B7: 177 | G7: Rachid
A8: Rachid | B8: 96 | G8: Khaled
A9: Esmail | B9: 75 | G9: Sayah
A10: Sayah | B10: 33 | G10: Ihab
A11: Ihab | B11: 10 | G11: Kamal
A12: May | B12: 972 | G12: Rushdi
A13: Ayad | B13: 406 | G13: Soufiane
A14: Shalaby | B14: 295 | G14: Mustapha
A15: Muhiddin 644 | B15: 268 | G15: Samir 132
A16: Ash 114 | B16: 238
A17: Denise | B17: 206
A18: Ragueb | B18: 205
A19: Obaydou 326 | B19: 178
A20: Hosari | B20: 177
A21: Hamed | B21: 169
A22: Radwan 434 | B22: 147
A23: Bobby 133 | B23: 145
A24: Hamdy | B24: 131
A25: Karlo | B25: 112
A26: Djilali 176 | B26: 101
A27: Joseph 622 | B27: 100
... A46: Nofal | B46: 0

Sheet Sheet3
C2: Driver | D2: Amount
C3: Kamal | D3: 332 | E3: Zelle $1919
C4: Willy | D4: 306
C5: Alhassan | D5: 238
C6: Hashem | D6: 236
C7: Mustapha | D7: 232
C8: Soufiane | D8: 184
C9: Khaled | D9: 177
C10: Rachid | D10: 96
C11: Esmail | D11: 75
C12: Sayah | D12: 33
C13: Ihab | D13: 10
E18: Cash $0
D26: =SUM(D1:D25) -> 1919
